'[0, 0, 0, 0, 0, 0, 0, 0, 0, 0, 0, 0, 0, 0, 0, 0, 0, 26, 0, 26, 0, 26, 0, 0, 0, 26, 0, 26, 0, 26]'
'[1, 1, 1, 1, 1, 1, 1, 1, 0, 0, 0, 0, 0, 26, 0, 26, 1, 1, 1, 0, 0, 26, 1, 1, 1, 0, 26, 1, 1, 1]'
'[26, 1, 1, 1, 1, 1, 1, 1, 1, 0, 0, 0, 0, 0, 0, 0, 0, 0, 0, 0, 0, 0, 0, 0, 0, 0, 0, 0, 0, 0]'
'[1, 1, 1, 1, 1, 1, 1, 1, 1, 1, 1, 1, 1, 1, 1, 0, 0, 0, 26, 1, 1, 1, 1, 1, 1, 1, 1, 1, 1, 1]'
'[1, 1, 1, 1, 1, 1, 1, 1, 1, 1, 1, 1, 1, 1, 1, 1, 0, 0, 0, 0, 0, 0, 0, 0, 0, 0, 0, 0, 0, 0]'
'[26, 1, 0, 26, 0, 26, 0, 26, 0, 26, 1, 1, 1, 1, 0, 26, 1, 1, 1, 1, 1, 1, 1, 1, 0, 0, 0, 0, 0, 0]'
'[1, 1, 1, 1, 1, 1, 0, 0, 0, 0, 0, 0, 0, 0, 0, 0, 0, 0, 0, 0, 0, 0, 0, 0, 0, 0, 0, 0, 0, 0]'
'[1, 1, 24, 1, 1, 1, 1, 1, 1, 1, 28, 1, 1, 1, 1, 1, 1, 1, 1, 1, 1, 1, 1, 1, 1, 1, 1, 1, 1, 1]'
'[1, 1, 1, 1, 1, 1, 1, 1, 1, 1, 1, 1, 1, 1, 1, 0, 0, 0, 0, 0, 0, 0, 0, 0, 0, 0, 0, 26, 1, 1]'
'[1, 1, 1, 1, 1, 1, 0, 0, 0, 0, 0, 26, 0, 26, 0, 26, 1, 1, 1, 24, 1, 1, 0, 0, 0, 0, 0, 0, 0, 0]'
'[0, 0, 26, 1, 0, 0, 26, 1, 0, 0, 26, 0, 26, 1, 1, 1, 1, 1, 1, 1, 1, 1, 1, 1, 1, 1, 1, 1, 1, 1]'
'[0, 26, 1, 1, 1, 0, 0, 26, 1, 1, 1, 1, 1, 0, 0, 26, 1, 1, 1, 1, 1, 24, 1, 1, 1, 1, 1, 1, 1, 1]'
'[26, 0, 0, 0, 0, 0, 26, 1, 0, 0, 0, 26, 0, 0, 26, 1, 0, 26, 1, 1, 0, 26, 0, 26, 0, 26, 0, 26, 28, 0]'
'[28, 1, 24, 1, 1, 1, 1, 1, 1, 1, 1, 1, 1, 0, 0, 0, 0, 0, 0, 0, 0, 0, 0, 0, 0, 0, 0, 0, 0, 0]'
'[0, 0, 0, 0, 0, 0, 0, 0, 0, 0, 0, 0, 0, 0, 26, 1, 1, 1, 1, 1, 1, 1, 1, 1, 1, 1, 1, 1, 1, 1]'
'[26, 1, 1, 1, 1, 1, 1, 1, 1, 1, 1, 1, 1, 1, 1, 1, 1, 1, 1, 1, 1, 1, 1, 1, 1, 1, 1, 1, 1, 1]'
'[28, 1, 1, 1, 1, 1, 28, 1, 1, 1, 1, 1, 1, 1, 1, 1, 1, 0, 26, 1, 1, 1, 1, 1, 1, 1, 1, 1, 1, 1]'
'[0, 0, 0, 0, 0, 0, 0, 0, 0, 0, 0, 0, 0, 0, 0, 0, 0, 0, 0, 0, 0, 0, 0, 0, 0, 0, 0, 0, 0, 0]'
'[0, 0, 0, 26, 0, 26, 0, 26, 0, 26, 0, 26, 0, 26, 0, 26, 0, 26, 0, 26, 0, 26, 0, 26, 0, 26, 0, 26, 0, 26]'
'[1, 1, 1, 1, 1, 1, 1, 1, 1, 1, 1, 1, 1, 1, 1, 1, 1, 1, 1, 1, 1, 1, 1, 1, 1, 1, 1, 1, 1, 1]'
'[0, 0, 0, 26, 0, 26, 1, 28, 1, 1, 1, 1, 0, 26, 1, 1, 0, 26, 0, 0, 0, 26, 0, 26, 0, 26, 0, 26, 0, 26]'
'[1, 0, 0, 26, 1, 1, 23, 1, 1, 23, 1, 1, 1, 1, 1, 0, 0, 0, 0, 0, 0, 0, 0, 26, 1, 1, 1, 0, 0, 0]'
'[1, 1, 1, 1, 1, 1, 1, 0, 0, 26, 1, 1, 1, 1, 1, 1, 1, 1, 1, 1, 1, 1, 1, 1, 1, 1, 1, 1, 1, 1]'
'[1, 1, 1, 1, 1, 1, 1, 1, 1, 1, 1, 0, 0, 0, 0, 0, 0, 0, 0, 0, 0, 0, 0, 0, 0, 0, 0, 0, 0, 0]'
'[26, 1, 1, 1, 1, 1, 1, 1, 1, 0, 26, 0, 26, 1, 1, 1, 0, 0, 26, 24, 1, 1, 1, 1, 1, 1, 1, 1, 1, 1]'
'[1, 1, 1, 1, 1, 1, 1, 1, 1, 1, 1, 1, 1, 1, 1, 1, 1, 1, 1, 1, 1, 1, 1, 1, 1, 1, 1, 1, 1, 1]'
'[1, 0, 26, 38, 0, 26, 19, 1, 33, 1, 19, 1, 33, 0, 26, 1, 19, 0, 26, 1, 19, 0, 26, 1, 0, 26, 19, 1, 33, 1]'
'[0, 0, 26, 1, 0, 0, 0, 0, 0, 26, 0, 26, 0, 26, 0, 26, 1, 0, 0, 26, 0, 26, 0, 0, 26, 1, 0, 26, 0, 26]'
'[24, 1, 1, 0, 26, 0, 26, 24, 0, 26, 1, 1, 0, 26, 1, 0, 26, 1, 1, 1, 1, 1, 1, 1, 1, 1, 1, 0, 0, 0]'
'[28, 1, 1, 1, 1, 1, 24, 1, 1, 1, 24, 1, 27, 1, 25, 1, 28, 1, 1, 1, 28, 1, 1, 1, 1, 1, 1, 1, 24, 1]'
'[1, 1, 1, 1, 1, 1, 1, 1, 1, 1, 1, 1, 1, 1, 1, 1, 1, 1, 1, 1, 1, 2, 1, 50, 1, 1, 1, 2, 1, 1]'
'[1, 1, 1, 1, 1, 1, 1, 1, 1, 1, 1, 1, 1, 1, 1, 1, 1, 1, 1, 1, 1, 1, 1, 1, 28, 1, 1, 1, 1, 1]'
'[0, 0, 0, 0, 0, 0, 0, 0, 0, 0, 0, 0, 0, 0, 0, 0, 26, 1, 1, 1, 0, 0, 0, 0, 0, 0, 0, 26, 1, 1]'
'[0, 0, 26, 1, 0, 26, 0, 0, 26, 0, 26, 0, 26, 0, 0, 26, 0, 26, 0, 0, 0, 26, 0, 26, 1, 0, 26, 0, 0, 26]'
'[1, 1, 1, 1, 1, 1, 1, 1, 1, 1, 1, 1, 1, 0, 0, 0, 0, 0, 0, 0, 0, 0, 0, 0, 0, 26, 1, 1, 1, 1]'
'[1, 0, 26, 0, 26, 0, 26, 0, 0, 0, 26, 0, 0, 0, 26, 0, 26, 0, 26, 0, 26, 0, 26, 0, 26, 0, 26, 0, 26, 0]'
'[28, 28, 28, 29, 27, 23, 23, 29, 28, 27, 29, 29, 24, 23, 23, 29, 29, 28, 25, 27, 23, 28, 27, 28, 23, 29, 29, 25, 24, 28]'
'[0, 0, 26, 1, 1, 1, 29, 1, 1, 1, 1, 1, 1, 1, 0, 0, 0, 0, 0, 0, 0, 0, 0, 0, 0, 0, 0, 0, 0, 0]'
'[0, 0, 26, 0, 0, 0, 26, 0, 0, 0, 26, 0, 26, 0, 26, 0, 26, 0, 26, 0, 0, 0, 26, 0, 0, 0, 26, 0, 26, 0]'
'[1, 24, 28, 28, 1, 1, 1, 1, 1, 1, 1, 1, 1, 1, 1, 1, 1, 28, 1, 1, 1, 1, 1, 1, 1, 1, 1, 1, 1, 1]'
'[1, 1, 1, 1, 1, 1, 1, 1, 1, 1, 1, 1, 1, 0, 0, 0, 0, 0, 0, 0, 0, 0, 0, 0, 0, 0, 0, 0, 0, 0]'
'[1, 1, 1, 1, 1, 1, 1, 1, 1, 1, 1, 1, 1, 1, 1, 1, 1, 1, 1, 1, 1, 1, 0, 0, 0, 0, 0, 0, 0, 0]'
'[1, 1, 1, 1, 0, 26, 1, 1, 1, 1, 1, 1, 1, 1, 1, 1, 0, 0, 26, 1, 23, 1, 1, 1, 1, 1, 23, 1, 1, 1]'
'[1, 1, 1, 1, 0, 26, 1, 1, 1, 1, 0, 0, 0, 0, 0, 0, 0, 0, 0, 0, 0, 0, 26, 1, 1, 1, 1, 1, 1, 1]'
'[50, 1, 0, 26, 2, 1, 1, 1, 38, 0, 26, 0, 26, 1, 0, 26, 1, 1, 1, 1, 1, 1, 1, 1, 1, 1, 1, 1, 1, 1]'
'[0, 0, 26, 1, 1, 0, 26, 1, 1, 1, 1, 1, 1, 1, 1, 1, 1, 1, 0, 0, 0, 0, 0, 0, 26, 1, 1, 1, 1, 1]'
'[0, 0, 0, 0, 0, 0, 0, 0, 0, 0, 0, 0, 0, 0, 0, 0, 0, 0, 0, 0, 0, 0, 0, 0, 0, 0, 0, 0, 0, 0]'
'[28, 28, 25, 24, 28, 28, 28, 28, 27, 24, 25, 27, 27, 25, 28, 25, 27, 25, 28, 24, 29, 27, 29, 28, 24, 27, 28, 28, 24, 28]'
'[1, 1, 1, 1, 1, 1, 1, 1, 0, 0, 0, 0, 0, 0, 0, 0, 0, 0, 0, 0, 0, 0, 0, 0, 0, 0, 0, 0, 0, 0]'
'[0, 0, 0, 26, 1, 1, 0, 26, 0, 26, 0, 26, 0, 26, 0, 26, 1, 1, 1, 1, 1, 1, 1, 1, 0, 0, 0, 0, 0, 0]'
'[0, 0, 0, 0, 0, 0, 0, 0, 0, 0, 0, 0, 0, 0, 0, 0, 0, 0, 0, 0, 0, 0, 0, 0, 0, 0, 0, 0, 0, 0]'
'[0, 0, 0, 26, 1, 1, 1, 1, 1, 1, 1, 1, 1, 1, 1, 1, 0, 0, 0, 0, 0, 0, 0, 0, 0, 0, 0, 0, 0, 26]'
'[1, 1, 1, 1, 1, 1, 1, 1, 1, 1, 1, 1, 1, 1, 1, 1, 0, 0, 26, 1, 1, 1, 1, 1, 1, 1, 1, 1, 1, 1]'
'[1, 1, 1, 1, 1, 1, 1, 1, 1, 1, 1, 1, 1, 1, 1, 1, 0, 26, 1, 1, 1, 0, 0, 26, 1, 1, 1, 1, 1, 1]'
'[24, 1, 1, 1, 28, 1, 28, 1, 24, 1, 1, 1, 1, 0, 0, 0, 26, 1, 1, 1, 1, 1, 1, 1, 1, 1, 1, 1, 1, 1]'
'[1, 1, 1, 1, 1, 1, 1, 1, 1, 1, 0, 0, 0, 0, 0, 0, 0, 0, 0, 0, 0, 0, 0, 0, 0, 0, 0, 0, 0, 0]'
'[14, 38, 2, 1, 38, 1, 1, 1, 1, 1, 14, 38, 1, 14, 38, 14, 38, 14, 38, 1, 14, 38, 1, 14, 38, 1, 14, 38, 1, 14]'
'[24, 28, 27, 28, 1, 1, 1, 1, 1, 0, 0, 0, 0, 0, 0, 0, 0, 0, 0, 0, 0, 0, 0, 0, 0, 0, 0, 0, 0, 0]'
'[0, 0, 0, 0, 0, 0, 26, 0, 26, 0, 0, 0, 0, 0, 0, 0, 0, 0, 0, 0, 0, 0, 0, 0, 0, 0, 0, 0, 0, 0]'
'[1, 1, 1, 1, 1, 1, 1, 24, 1, 1, 1, 1, 1, 1, 1, 24, 1, 1, 1, 1, 1, 1, 1, 1, 1, 1, 1, 1, 1, 1]'
'[0, 26, 1, 1, 1, 1, 1, 1, 1, 1, 1, 1, 1, 1, 1, 0, 0, 26, 1, 1, 1, 28, 1, 24, 1, 1, 1, 1, 1, 1]'
'[1, 1, 1, 1, 1, 1, 1, 1, 1, 2, 1, 1, 1, 1, 1, 1, 1, 1, 1, 50, 1, 1, 1, 1, 1, 1, 1, 1, 1, 1]'
'[26, 0, 26, 0, 26, 1, 0, 0, 26, 0, 26, 0, 26, 0, 26, 0, 26, 0, 0, 0, 26, 0, 26, 0, 26, 0, 0, 0, 26, 0]'
'[26, 1, 1, 1, 1, 1, 1, 0, 0, 0, 0, 26, 1, 0, 0, 0, 0, 0, 26, 0, 26, 1, 1, 1, 1, 1, 1, 1, 0, 0]'
'[1, 0, 26, 1, 1, 0, 26, 1, 1, 1, 1, 1, 1, 1, 1, 1, 1, 1, 1, 1, 1, 0, 0, 26, 1, 1, 0, 26, 1, 1]'
'[1, 1, 1, 1, 1, 1, 1, 1, 1, 1, 1, 1, 1, 1, 1, 1, 1, 1, 1, 1, 1, 1, 1, 1, 1, 1, 1, 1, 1, 1]'
'[1, 1, 0, 26, 1, 1, 0, 0, 26, 0, 0, 26, 1, 0, 26, 0, 0, 26, 1, 1, 0, 26, 1, 1, 1, 1, 1, 1, 1, 1]'
'[0, 26, 0, 26, 0, 26, 0, 0, 0, 26, 0, 26, 0, 26, 0, 26, 0, 26, 0, 26, 0, 26, 0, 26, 0, 26, 0, 26, 0, 26]'
'[1, 1, 1, 1, 1, 1, 1, 1, 1, 1, 1, 1, 1, 1, 1, 1, 1, 1, 0, 0, 26, 1, 1, 1, 1, 1, 1, 1, 1, 1]'
'[1, 1, 1, 1, 1, 1, 1, 1, 1, 1, 0, 0, 0, 0, 0, 0, 0, 0, 0, 0, 0, 0, 0, 0, 0, 0, 0, 0, 0, 0]'
'[1, 1, 1, 1, 1, 1, 0, 0, 26, 1, 1, 1, 1, 1, 1, 1, 1, 1, 1, 1, 1, 1, 1, 1, 1, 1, 1, 1, 1, 1]'
'[24, 1, 1, 1, 1, 1, 1, 1, 1, 1, 0, 0, 0, 0, 0, 0, 0, 0, 0, 0, 0, 0, 0, 0, 26, 1, 24, 1, 1, 1]'
'[1, 1, 1, 1, 1, 1, 1, 1, 1, 1, 1, 1, 1, 1, 1, 1, 0, 0, 0, 0, 0, 0, 0, 0, 0, 0, 0, 0, 0, 0]'
'[1, 1, 24, 0, 26, 1, 1, 0, 26, 1, 1, 1, 1, 1, 1, 1, 1, 1, 1, 1, 1, 1, 1, 1, 1, 1, 0, 0, 0, 0]'
'[1, 1, 1, 1, 1, 1, 0, 0, 26, 1, 1, 0, 26, 0, 26, 1, 1, 1, 1, 0, 26, 1, 1, 1, 1, 1, 0, 0, 0, 0]'
'[0, 26, 1, 1, 1, 1, 1, 1, 1, 1, 1, 1, 1, 1, 1, 0, 0, 0, 0, 0, 0, 0, 0, 0, 0, 0, 0, 0, 0, 0]'
'[1, 1, 1, 1, 1, 1, 1, 1, 1, 1, 1, 1, 1, 1, 1, 1, 1, 1, 1, 1, 1, 1, 1, 1, 1, 1, 1, 1, 1, 1]'
'[1, 1, 0, 26, 1, 1, 1, 1, 1, 1, 0, 26, 1, 1, 1, 1, 1, 1, 1, 1, 1, 1, 1, 1, 1, 1, 1, 1, 1, 1]'
'[1, 31, 19, 31, 19, 33, 21, 30, 1, 19, 31, 19, 1, 31, 31, 19, 31, 19, 19, 30, 21, 21, 29, 19, 31, 31, 19, 31, 31, 31]'
'[0, 0, 0, 0, 0, 0, 0, 26, 1, 1, 0, 26, 0, 26, 1, 1, 0, 26, 1, 1, 0, 26, 0, 0, 0, 0, 0, 26, 0, 26]'
'[1, 1, 1, 1, 1, 1, 1, 1, 1, 1, 1, 1, 1, 1, 1, 1, 1, 1, 1, 1, 28, 1, 1, 1, 1, 1, 1, 1, 1, 1]'
'[1, 1, 1, 1, 1, 1, 1, 1, 1, 1, 1, 1, 1, 1, 1, 1, 1, 1, 1, 1, 1, 1, 1, 1, 1, 1, 1, 1, 1, 1]'
'[19, 1, 23, 30, 1, 19, 23, 29, 1, 29, 1, 1, 0, 26, 29, 29, 1, 24, 1, 23, 1, 0, 26, 1, 28, 1, 1, 0, 26, 1]'
'[1, 1, 1, 1, 1, 1, 1, 1, 1, 0, 0, 0, 0, 26, 0, 26, 0, 26, 1, 1, 0, 26, 1, 1, 1, 1, 1, 1, 1, 1]'
'[1, 1, 1, 0, 0, 0, 0, 0, 0, 0, 0, 0, 0, 0, 0, 0, 0, 0, 0, 0, 0, 0, 0, 0, 0, 0, 0, 0, 0, 0]'
'[1, 1, 27, 1, 1, 1, 1, 1, 1, 1, 1, 1, 1, 1, 1, 1, 1, 1, 1, 1, 1, 1, 1, 1, 1, 1, 1, 1, 1, 1]'
'[1, 1, 1, 0, 0, 0, 0, 0, 0, 0, 0, 0, 0, 0, 0, 0, 0, 0, 0, 0, 0, 0, 0, 0, 0, 0, 0, 0, 0, 26]'
'[1, 1, 0, 26, 1, 1, 1, 1, 0, 0, 0, 0, 26, 0, 0, 0, 26, 1, 1, 0, 26, 1, 1, 1, 1, 1, 1, 1, 1, 1]'
'[0, 26, 0, 26, 1, 1, 1, 1, 1, 0, 0, 0, 0, 0, 0, 0, 0, 0, 0, 0, 0, 0, 0, 0, 0, 26, 1, 1, 1, 28]'
'[0, 26, 1, 28, 1, 1, 1, 1, 1, 1, 0, 0, 0, 0, 0, 0, 0, 0, 0, 0, 0, 0, 0, 0, 0, 0, 0, 0, 0, 0]'
'[1, 1, 1, 1, 1, 1, 1, 1, 1, 1, 1, 1, 1, 1, 1, 1, 1, 1, 0, 0, 0, 0, 0, 0, 0, 0, 0, 0, 0, 0]'
'[1, 1, 1, 1, 1, 1, 1, 1, 0, 0, 0, 0, 0, 0, 0, 0, 0, 0, 0, 0, 0, 0, 0, 0, 0, 0, 0, 0, 0, 0]'
'[0, 0, 0, 0, 0, 0, 26, 1, 1, 1, 1, 1, 1, 1, 1, 1, 1, 1, 1, 1, 0, 0, 0, 0, 0, 0, 0, 0, 0, 0]'
'[0, 0, 0, 0, 0, 0, 0, 0, 0, 0, 0, 0, 0, 0, 0, 0, 0, 0, 0, 0, 0, 0, 0, 0, 0, 0, 0, 0, 0, 0]'
'[1, 1, 1, 1, 1, 1, 1, 1, 1, 1, 1, 1, 1, 1, 1, 1, 1, 0, 0, 0, 0, 0, 0, 0, 0, 0, 0, 0, 0, 0]'
'[0, 0, 0, 0, 0, 0, 0, 0, 0, 0, 0, 0, 0, 26, 1, 1, 0, 26, 1, 0, 0, 0, 0, 0, 0, 0, 0, 26, 0, 0]'
'[1, 1, 0, 26, 1, 1, 1, 1, 1, 1, 1, 1, 1, 1, 1, 1, 1, 1, 1, 1, 1, 1, 1, 1, 1, 1, 1, 1, 1, 1]'
'[1, 1, 1, 0, 26, 0, 26, 0, 26, 0, 26, 0, 26, 0, 26, 1, 1, 0, 26, 0, 26, 0, 26, 0, 0, 0, 26, 0, 26, 0]'
'[1, 1, 1, 1, 1, 1, 1, 1, 1, 1, 23, 29, 1, 0, 0, 0, 0, 0, 0, 0, 0, 0, 0, 0, 0, 0, 0, 0, 0, 0]'
'[1, 0, 0, 0, 0, 26, 0, 26, 0, 26, 0, 26, 1, 1, 1, 0, 0, 0, 0, 0, 0, 26, 0, 0, 0, 26, 0, 0, 26, 0]'
'[0, 26, 1, 1, 1, 0, 0, 26, 1, 1, 1, 1, 1, 1, 0, 26, 1, 1, 1, 0, 0, 0, 0, 0, 0, 0, 0, 26, 1, 1]'
'[0, 26, 1, 1, 1, 28, 1, 1, 1, 24, 1, 1, 1, 1, 1, 1, 1, 1, 1, 1, 1, 1, 1, 1, 1, 0, 0, 0, 0, 0]'
'[0, 26, 1, 1, 1, 1, 1, 1, 28, 1, 1, 0, 0, 0, 0, 0, 0, 0, 0, 0, 0, 0, 0, 0, 0, 0, 26, 1, 1, 1]'
'[1, 1, 1, 0, 0, 0, 0, 0, 0, 0, 0, 0, 0, 0, 0, 0, 0, 0, 0, 0, 0, 0, 0, 0, 26, 1, 1, 1, 1, 1]'
'[0, 0, 0, 0, 0, 0, 0, 0, 0, 0, 0, 0, 0, 0, 0, 0, 0, 0, 0, 0, 0, 0, 0, 0, 0, 0, 0, 0, 0, 0]'
'[26, 1, 0, 26, 1, 0, 0, 26, 1, 1, 0, 0, 0, 0, 0, 0, 0, 0, 0, 26, 1, 1, 0, 0, 0, 0, 0, 0, 0, 26]'
'[1, 0, 0, 26, 1, 29, 1, 29, 1, 29, 1, 30, 1, 23, 1, 29, 1, 28, 1, 23, 1, 29, 1, 29, 1, 30, 1, 22, 1, 29]'
'[1, 1, 1, 1, 1, 0, 26, 1, 1, 1, 28, 1, 24, 1, 1, 1, 1, 1, 1, 1, 1, 1, 1, 1, 0, 0, 0, 0, 26, 1]'
'[1, 1, 0, 0, 0, 0, 0, 0, 0, 0, 0, 0, 0, 0, 0, 0, 0, 0, 0, 0, 0, 0, 0, 0, 0, 0, 0, 0, 0, 0]'
'[1, 1, 1, 14, 38, 1, 1, 1, 12, 38, 1, 14, 38, 1, 14, 38, 1, 14, 38, 1, 14, 38, 1, 14, 38, 1, 14, 38, 1, 14]'
'[26, 1, 0, 0, 26, 1, 0, 0, 26, 1, 0, 0, 26, 1, 0, 0, 26, 1, 0, 0, 26, 0, 26, 0, 26, 0, 0, 0, 26, 0]'
'[1, 1, 1, 1, 1, 1, 1, 1, 42, 1, 0, 26, 1, 1, 0, 0, 26, 1, 1, 1, 1, 1, 1, 1, 1, 1, 1, 1, 1, 1]'
'[1, 1, 1, 1, 1, 1, 1, 1, 1, 1, 1, 1, 1, 1, 1, 1, 1, 1, 1, 1, 0, 0, 0, 0, 0, 0, 0, 0, 0, 0]'
'[0, 0, 0, 0, 0, 0, 0, 0, 0, 0, 0, 26, 1, 1, 1, 1, 1, 1, 1, 1, 1, 1, 1, 1, 0, 0, 0, 0, 0, 0]'
'[25, 1, 1, 1, 1, 1, 1, 1, 1, 1, 1, 1, 1, 1, 1, 1, 1, 1, 1, 1, 1, 1, 1, 1, 1, 1, 0, 0, 0, 0]'
'[26, 1, 1, 1, 24, 1, 1, 1, 1, 1, 1, 1, 1, 1, 1, 1, 1, 1, 0, 0, 0, 0, 26, 1, 28, 1, 24, 1, 24, 1]'
'[1, 1, 1, 1, 1, 0, 0, 0, 0, 0, 0, 0, 0, 0, 0, 0, 0, 0, 0, 0, 0, 0, 0, 0, 0, 0, 0, 0, 0, 0]'
'[0, 26, 0, 26, 0, 26, 1, 1, 0, 26, 1, 1, 1, 1, 0, 26, 0, 26, 1, 1, 1, 1, 0, 26, 1, 1, 1, 1, 1, 1]'
'[1, 1, 1, 1, 1, 1, 1, 1, 0, 26, 1, 1, 1, 1, 1, 1, 1, 1, 1, 0, 0, 26, 1, 1, 1, 1, 1, 28, 1, 1]'
'[1, 1, 1, 0, 26, 1, 1, 1, 1, 1, 1, 0, 26, 1, 24, 0, 26, 1, 1, 0, 26, 1, 1, 1, 1, 1, 1, 1, 1, 1]'
'[1, 1, 0, 26, 1, 1, 0, 26, 1, 1, 1, 0, 26, 1, 1, 1, 1, 1, 1, 1, 1, 1, 1, 1, 1, 1, 0, 0, 0, 0]'
'[23, 1, 23, 1, 1, 1, 1, 1, 1, 1, 1, 1, 1, 1, 1, 1, 1, 1, 0, 0, 26, 1, 1, 1, 24, 1, 1, 1, 1, 1]'
'[1, 1, 1, 1, 1, 1, 1, 1, 25, 1, 1, 1, 1, 1, 24, 1, 28, 1, 24, 1, 24, 1, 1, 1, 1, 1, 1, 1, 1, 1]'
'[1, 1, 1, 0, 0, 0, 0, 0, 0, 26, 1, 24, 1, 1, 1, 1, 1, 1, 1, 1, 1, 1, 0, 26, 1, 29, 1, 1, 1, 24]'
'[1, 1, 1, 1, 1, 1, 1, 1, 0, 0, 0, 0, 0, 0, 0, 0, 0, 0, 26, 1, 1, 1, 1, 1, 1, 1, 1, 1, 0, 0]'
'[0, 0, 26, 1, 1, 1, 1, 1, 1, 1, 1, 1, 1, 1, 1, 0, 0, 0, 0, 0, 0, 0, 0, 0, 0, 0, 0, 0, 0, 0]'
'[1, 1, 1, 1, 0, 0, 0, 0, 0, 0, 0, 0, 0, 0, 0, 0, 0, 0, 0, 0, 0, 0, 0, 0, 0, 0, 0, 0, 26, 0]'
'[26, 0, 0, 0, 26, 0, 26, 0, 0, 0, 0, 0, 0, 0, 0, 0, 0, 0, 0, 0, 0, 0, 0, 0, 0, 0, 0, 0, 0, 0]'
'[23, 24, 28, 0, 26, 24, 0, 0, 26, 1, 1, 0, 0, 26, 0, 26, 0, 26, 0, 26, 1, 0, 0, 0, 0, 26, 1, 1, 1, 1]'
'[26, 1, 1, 1, 0, 0, 0, 0, 0, 0, 0, 0, 0, 0, 0, 0, 0, 0, 26, 0, 26, 0, 0, 0, 0, 0, 0, 0, 0, 0]'
'[1, 1, 1, 1, 1, 1, 1, 1, 1, 1, 1, 0, 0, 0, 0, 0, 0, 0, 0, 0, 0, 26, 1, 1, 1, 28, 28, 1, 1, 1]'
'[26, 1, 1, 1, 1, 1, 1, 1, 1, 1, 1, 1, 1, 1, 0, 0, 26, 1, 1, 1, 0, 26, 1, 0, 26, 0, 26, 1, 1, 1]'
'[0, 0, 0, 0, 0, 0, 0, 0, 0, 0, 0, 0, 0, 0, 0, 0, 0, 0, 0, 0, 0, 0, 0, 0, 0, 0, 0, 0, 0, 0]'
'[1, 1, 1, 1, 1, 1, 1, 1, 1, 1, 1, 1, 1, 1, 1, 1, 1, 1, 1, 0, 0, 0, 0, 0, 0, 0, 0, 0, 0, 26]'
'[1, 25, 1, 0, 0, 26, 1, 1, 1, 1, 1, 1, 0, 26, 0, 0, 0, 0, 0, 0, 0, 26, 1, 1, 0, 0, 0, 26, 1, 1]'
'[1, 1, 1, 1, 1, 1, 1, 1, 1, 1, 1, 1, 1, 1, 1, 1, 1, 1, 1, 1, 1, 0, 0, 0, 0, 0, 0, 0, 0, 0]'
'[1, 1, 1, 0, 0, 0, 0, 0, 0, 0, 0, 0, 0, 0, 0, 0, 0, 0, 0, 0, 0, 0, 0, 0, 0, 0, 0, 0, 0, 0]'
'[1, 1, 1, 1, 1, 1, 1, 1, 1, 1, 1, 1, 1, 1, 1, 1, 1, 1, 1, 1, 1, 0, 0, 0, 0, 0, 0, 0, 0, 0]'
'[1, 1, 1, 1, 1, 1, 50, 1, 1, 1, 1, 1, 1, 2, 1, 1, 1, 1, 1, 1, 1, 1, 1, 1, 1, 1, 1, 1, 1, 1]'
'[1, 1, 1, 1, 1, 1, 1, 1, 24, 1, 1, 1, 1, 1, 1, 1, 1, 1, 1, 1, 1, 1, 0, 0, 0, 0, 0, 0, 0, 0]'
'[0, 0, 0, 26, 1, 1, 1, 1, 0, 26, 0, 26, 1, 0, 0, 26, 1, 1, 1, 0, 0, 26, 1, 1, 1, 1, 1, 1, 0, 26]'
'[1, 25, 1, 1, 1, 1, 1, 24, 1, 1, 1, 1, 1, 0, 0, 0, 0, 0, 0, 26, 1, 24, 1, 25, 1, 1, 1, 27, 1, 1]'
'[1, 1, 1, 1, 1, 1, 0, 26, 1, 2, 1, 1, 1, 1, 1, 1, 1, 1, 1, 0, 26, 1, 1, 1, 1, 0, 26, 1, 1, 1]'
'[1, 1, 1, 1, 1, 1, 1, 1, 1, 0, 26, 1, 0, 26, 1, 1, 1, 24, 1, 1, 1, 1, 1, 1, 1, 1, 1, 1, 1, 1]'
'[1, 28, 1, 1, 1, 1, 1, 1, 1, 0, 0, 0, 0, 0, 0, 0, 0, 0, 0, 0, 0, 0, 0, 0, 0, 0, 0, 0, 0, 0]'
'[0, 0, 0, 0, 0, 0, 0, 0, 0, 0, 0, 0, 0, 0, 0, 0, 0, 0, 0, 0, 26, 0, 0, 0, 26, 0, 26, 0, 0, 0]'
'[19, 33, 19, 1, 23, 29, 19, 23, 29, 29, 23, 23, 21, 30, 28, 29, 29, 29, 23, 29, 28, 24, 24, 24, 24, 28, 29, 28, 28, 27]'
'[0, 0, 0, 0, 0, 0, 0, 0, 0, 0, 0, 0, 0, 0, 0, 0, 0, 0, 0, 0, 0, 26, 1, 1, 1, 1, 1, 1, 1, 1]'
'[0, 26, 0, 26, 0, 0, 26, 0, 0, 0, 0, 26, 0, 0, 26, 0, 0, 26, 0, 26, 0, 0, 26, 0, 26, 0, 0, 26, 0, 0]'
'[1, 1, 1, 1, 1, 1, 1, 1, 28, 1, 1, 1, 1, 1, 1, 1, 1, 1, 1, 1, 1, 1, 1, 1, 1, 1, 1, 1, 1, 1]'
'[31, 31, 21, 31, 29, 1, 30, 22, 29, 28, 30, 22, 23, 19, 30, 22, 29, 30, 19, 28, 31, 23, 29, 30, 22, 24, 31, 28, 24, 28]'
'[1, 1, 1, 1, 1, 1, 1, 1, 1, 1, 1, 1, 1, 1, 0, 0, 0, 0, 0, 0, 0, 0, 0, 0, 0, 0, 0, 0, 26, 1]'
'[1, 1, 24, 1, 29, 1, 29, 1, 1, 1, 1, 1, 1, 1, 1, 1, 29, 1, 1, 1, 1, 1, 1, 1, 1, 1, 24, 1, 1, 1]'
'[1, 0, 0, 0, 0, 0, 0, 0, 0, 0, 0, 0, 0, 26, 1, 0, 0, 0, 0, 26, 0, 0, 0, 0, 0, 0, 0, 26, 1, 0]'
'[0, 0, 0, 0, 0, 0, 0, 0, 0, 0, 0, 0, 0, 0, 0, 0, 0, 0, 0, 0, 0, 0, 0, 0, 0, 0, 0, 0, 0, 0]'
'[1, 1, 1, 1, 1, 1, 1, 1, 1, 1, 1, 1, 1, 31, 1, 1, 1, 1, 1, 1, 1, 24, 1, 1, 1, 1, 1, 1, 1, 1]'
'[1, 1, 1, 1, 1, 1, 1, 1, 1, 0, 26, 1, 1, 1, 1, 24, 1, 1, 1, 1, 1, 1, 1, 1, 1, 1, 1, 1, 1, 1]'
'[0, 26, 1, 1, 1, 1, 1, 1, 1, 1, 1, 1, 1, 1, 1, 1, 1, 1, 1, 1, 1, 1, 1, 1, 1, 1, 1, 1, 1, 1]'
'[1, 1, 1, 1, 1, 1, 1, 1, 1, 1, 1, 1, 1, 1, 28, 1, 1, 1, 1, 1, 1, 1, 28, 1, 21, 1, 29, 1, 1, 1]'
'[0, 26, 0, 26, 1, 1, 0, 26, 1, 1, 0, 26, 0, 26, 0, 26, 1, 1, 1, 1, 1, 1, 0, 0, 0, 0, 0, 0, 0, 0]'
'[0, 0, 0, 0, 0, 0, 0, 0, 0, 0, 0, 0, 0, 0, 0, 0, 0, 0, 0, 0, 0, 0, 0, 0, 0, 0, 0, 0, 0, 0]'
'[0, 0, 0, 0, 26, 0, 26, 0, 0, 0, 0, 0, 0, 0, 0, 0, 0, 0, 26, 0, 26, 0, 0, 0, 0, 0, 26, 0, 26, 0]'
'[0, 0, 0, 0, 0, 0, 0, 0, 0, 0, 0, 0, 0, 0, 0, 0, 0, 0, 0, 0, 0, 0, 0, 0, 0, 0, 0, 0, 0, 0]'
'[0, 0, 0, 0, 26, 1, 1, 1, 0, 26, 1, 1, 1, 1, 1, 1, 1, 1, 0, 0, 0, 0, 0, 0, 0, 0, 0, 0, 0, 0]'
'[1, 0, 26, 1, 1, 0, 26, 0, 26, 24, 1, 1, 1, 1, 1, 1, 1, 1, 1, 1, 1, 1, 0, 0, 0, 0, 0, 0, 0, 0]'
'[1, 1, 1, 1, 1, 1, 1, 1, 1, 1, 1, 1, 1, 1, 1, 1, 1, 0, 0, 0, 26, 25, 1, 1, 1, 1, 1, 1, 1, 1]'
'[1, 1, 1, 1, 1, 1, 1, 1, 1, 1, 1, 1, 1, 1, 0, 0, 0, 0, 0, 0, 0, 0, 0, 0, 26, 1, 28, 24, 1, 1]'
'[1, 0, 26, 1, 1, 1, 1, 1, 1, 1, 1, 1, 1, 1, 1, 1, 1, 1, 1, 1, 1, 1, 1, 1, 1, 1, 1, 1, 1, 1]'
'[1, 1, 1, 1, 1, 1, 23, 1, 1, 1, 1, 1, 1, 1, 0, 0, 0, 0, 0, 0, 0, 0, 0, 0, 0, 0, 0, 0, 0, 0]'
'[1, 1, 24, 1, 24, 1, 1, 1, 1, 1, 1, 1, 0, 0, 0, 0, 0, 0, 0, 0, 0, 0, 0, 0, 0, 0, 0, 0, 26, 1]'
'[1, 1, 1, 1, 1, 1, 1, 1, 1, 1, 1, 1, 1, 1, 1, 1, 1, 1, 0, 0, 0, 0, 0, 0, 0, 0, 26, 1, 1, 0]'
'[1, 1, 1, 1, 1, 1, 1, 1, 1, 1, 28, 1, 1, 1, 1, 1, 1, 1, 1, 1, 1, 1, 1, 1, 1, 1, 0, 0, 0, 0]'
'[26, 0, 0, 26, 0, 0, 26, 0, 26, 0, 26, 1, 1, 0, 0, 26, 1, 0, 0, 26, 0, 0, 0, 26, 1, 0, 0, 0, 0, 26]'
'[1, 1, 1, 0, 0, 0, 26, 1, 1, 0, 26, 1, 1, 0, 26, 1, 1, 1, 1, 1, 1, 1, 1, 1, 1, 1, 1, 1, 1, 1]'
'[0, 26, 1, 1, 1, 1, 1, 1, 1, 0, 0, 0, 26, 1, 1, 0, 26, 0, 0, 0, 0, 26, 1, 1, 1, 1, 1, 1, 1, 0]'
'[0, 0, 0, 26, 0, 26, 0, 26, 0, 26, 0, 26, 0, 26, 0, 26, 0, 26, 0, 26, 0, 0, 0, 26, 0, 26, 0, 26, 0, 26]'
'[28, 1, 1, 28, 24, 1, 1, 1, 1, 0, 0, 0, 0, 0, 0, 0, 0, 0, 0, 0, 0, 0, 0, 0, 0, 0, 0, 0, 0, 0]'
'[1, 0, 26, 1, 0, 26, 1, 0, 0, 26, 1, 0, 0, 26, 1, 0, 26, 1, 1, 0, 26, 1, 1, 1, 1, 1, 1, 1, 1, 1]'
'[0, 0, 0, 0, 0, 26, 1, 1, 1, 28, 1, 1, 1, 1, 1, 1, 1, 1, 1, 1, 1, 1, 1, 1, 1, 1, 1, 1, 1, 0]'
'[0, 0, 0, 0, 0, 0, 0, 0, 0, 0, 0, 26, 28, 1, 1, 24, 1, 1, 1, 1, 1, 1, 1, 1, 1, 1, 1, 1, 1, 1]'
'[1, 1, 1, 1, 1, 1, 1, 1, 0, 0, 0, 26, 1, 1, 1, 1, 1, 1, 1, 1, 1, 1, 1, 1, 50, 2, 1, 38, 1, 1]'
'[0, 0, 0, 0, 0, 0, 0, 0, 0, 0, 0, 0, 0, 0, 0, 0, 0, 0, 0, 0, 0, 0, 0, 0, 0, 0, 0, 0, 0, 0]'
'[0, 26, 1, 1, 1, 1, 29, 0, 26, 1, 1, 1, 0, 0, 0, 0, 0, 0, 0, 0, 26, 1, 1, 1, 1, 1, 1, 0, 0, 0]'
'[0, 0, 0, 0, 0, 0, 0, 0, 0, 0, 0, 0, 0, 0, 0, 0, 0, 0, 0, 0, 0, 0, 0, 26, 1, 1, 1, 1, 0, 26]'
'[0, 0, 0, 0, 26, 0, 0, 26, 0, 26, 0, 0, 26, 0, 0, 0, 0, 0, 26, 0, 26, 0, 26, 0, 0, 0, 0, 26, 0, 26]'
'[26, 1, 1, 28, 1, 1, 1, 1, 1, 1, 1, 1, 1, 1, 1, 1, 1, 1, 0, 0, 0, 0, 0, 0, 0, 0, 0, 0, 0, 0]'
'[1, 1, 0, 0, 0, 0, 0, 0, 0, 26, 0, 0, 26, 1, 0, 26, 0, 26, 0, 26, 1, 0, 26, 1, 1, 0, 0, 0, 0, 0]'
'[0, 26, 1, 1, 1, 1, 1, 1, 1, 0, 26, 0, 26, 1, 1, 1, 1, 1, 1, 0, 0, 0, 0, 0, 0, 0, 0, 0, 0, 0]'
'[0, 26, 1, 24, 0, 0, 26, 1, 1, 0, 26, 0, 26, 1, 1, 1, 1, 1, 0, 0, 0, 0, 0, 0, 0, 0, 0, 0, 0, 0]'
'[1, 0, 26, 1, 0, 0, 26, 1, 0, 0, 26, 1, 1, 0, 26, 1, 1, 1, 1, 0, 26, 1, 1, 0, 26, 1, 1, 0, 26, 1]'
'[24, 1, 1, 1, 1, 1, 1, 1, 1, 1, 0, 0, 0, 0, 0, 0, 0, 0, 0, 0, 26, 1, 1, 1, 24, 1, 1, 1, 1, 1]'
'[1, 0, 0, 26, 1, 0, 26, 1, 1, 1, 1, 1, 1, 1, 1, 1, 1, 0, 0, 0, 0, 0, 0, 0, 0, 0, 0, 0, 0, 0]'
'[1, 0, 26, 1, 1, 0, 26, 1, 0, 0, 26, 1, 1, 1, 1, 1, 1, 1, 0, 0, 0, 0, 0, 26, 1, 1, 1, 1, 1, 1]'
'[1, 1, 1, 1, 1, 1, 1, 1, 1, 1, 1, 1, 1, 1, 1, 1, 1, 1, 1, 1, 1, 1, 1, 1, 1, 1, 1, 1, 1, 1]'
'[1, 0, 0, 0, 0, 26, 1, 1, 1, 1, 1, 28, 1, 1, 1, 1, 1, 1, 1, 1, 1, 1, 0, 26, 1, 1, 1, 1, 1, 1]'
'[0, 0, 0, 0, 0, 0, 0, 0, 0, 0, 0, 0, 26, 1, 1, 1, 1, 24, 1, 1, 1, 1, 1, 0, 0, 0, 0, 0, 0, 0]'
'[1, 0, 0, 0, 0, 0, 26, 1, 1, 1, 1, 0, 0, 0, 0, 0, 0, 0, 26, 1, 1, 1, 1, 0, 26, 24, 28, 1, 1, 1]'
'[1, 0, 26, 1, 1, 1, 1, 1, 1, 1, 1, 0, 0, 0, 0, 0, 0, 0, 0, 0, 0, 0, 0, 0, 0, 0, 0, 0, 0, 0]'
'[26, 1, 1, 1, 27, 1, 24, 1, 1, 1, 23, 1, 1, 1, 24, 1, 1, 1, 28, 1, 25, 1, 1, 1, 1, 1, 1, 1, 1, 1]'
'[0, 0, 0, 0, 0, 0, 0, 0, 0, 0, 0, 26, 0, 26, 0, 26, 1, 1, 1, 1, 0, 26, 1, 1, 1, 1, 1, 0, 0, 0]'
'[1, 1, 1, 1, 1, 1, 2, 1, 1, 50, 14, 2, 1, 1, 1, 1, 1, 1, 1, 1, 1, 1, 1, 1, 1, 1, 1, 1, 1, 1]'
'[26, 1, 1, 1, 1, 1, 1, 1, 1, 1, 1, 1, 1, 1, 1, 1, 1, 0, 26, 1, 1, 1, 1, 1, 1, 1, 1, 1, 1, 1]'
'[0, 26, 1, 1, 1, 28, 1, 1, 1, 1, 1, 1, 1, 1, 1, 1, 1, 1, 1, 1, 1, 1, 1, 1, 1, 1, 1, 1, 1, 1]'
'[1, 0, 0, 0, 0, 26, 0, 0, 0, 0, 26, 0, 0, 0, 0, 0, 26, 0, 26, 0, 26, 0, 0, 0, 0, 0, 0, 0, 26, 0]'
'[1, 0, 26, 1, 0, 26, 0, 26, 1, 0, 26, 0, 0, 0, 26, 0, 26, 0, 26, 0, 26, 0, 26, 0, 26, 0, 26, 0, 26, 0]'
'[1, 1, 1, 0, 26, 0, 26, 0, 26, 1, 2, 1, 0, 26, 1, 1, 1, 1, 1, 1, 1, 1, 1, 1, 1, 1, 1, 1, 1, 38]'
'[1, 1, 1, 1, 1, 1, 1, 1, 1, 1, 1, 1, 0, 0, 0, 0, 0, 0, 0, 0, 0, 0, 0, 0, 0, 0, 0, 0, 0, 0]'
'[1, 1, 1, 27, 0, 0, 0, 0, 26, 0, 0, 0, 26, 0, 26, 0, 26, 0, 26, 0, 26, 0, 26, 0, 0, 26, 0, 0, 26, 0]'
'[1, 1, 1, 28, 1, 1, 1, 1, 1, 1, 1, 1, 1, 1, 1, 1, 1, 1, 1, 1, 1, 1, 0, 0, 0, 0, 26, 1, 1, 1]'
'[1, 1, 1, 1, 0, 26, 1, 1, 1, 24, 1, 1, 1, 1, 1, 1, 1, 1, 1, 1, 1, 1, 1, 0, 0, 0, 0, 0, 0, 0]'
'[26, 1, 1, 1, 1, 1, 1, 0, 26, 0, 26, 0, 26, 1, 1, 1, 1, 1, 1, 1, 1, 0, 26, 1, 1, 1, 1, 1, 1, 1]'
'[0, 26, 0, 26, 0, 26, 0, 26, 0, 26, 0, 0, 0, 26, 0, 26, 0, 26, 0, 26, 0, 26, 0, 26, 0, 26, 0, 26, 0, 26]'
'[1, 0, 26, 1, 1, 1, 1, 0, 0, 0, 0, 0, 0, 0, 0, 0, 0, 0, 0, 0, 0, 0, 0, 0, 0, 0, 0, 0, 0, 0]'
'[24, 0, 26, 23, 1, 29, 1, 1, 1, 1, 1, 1, 1, 1, 1, 1, 1, 1, 1, 0, 0, 0, 0, 0, 0, 0, 26, 1, 1, 1]'
'[24, 1, 1, 1, 1, 1, 1, 1, 0, 0, 0, 0, 0, 0, 0, 0, 0, 0, 0, 0, 0, 0, 0, 0, 0, 0, 0, 0, 0, 0]'
'[1, 0, 26, 1, 1, 1, 0, 0, 26, 1, 1, 0, 0, 26, 1, 1, 0, 0, 0, 26, 1, 1, 0, 0, 0, 0, 0, 0, 26, 0]'
'[1, 1, 1, 1, 0, 26, 1, 1, 1, 1, 1, 1, 1, 1, 1, 1, 1, 1, 1, 1, 1, 1, 1, 1, 1, 1, 1, 1, 1, 1]'
'[1, 1, 1, 1, 1, 1, 1, 1, 1, 1, 1, 1, 1, 1, 1, 1, 0, 0, 0, 0, 0, 0, 0, 0, 0, 0, 0, 0, 0, 0]'
'[0, 26, 1, 1, 1, 0, 26, 1, 1, 1, 0, 26, 0, 0, 26, 1, 1, 1, 1, 1, 1, 1, 0, 0, 26, 1, 1, 1, 1, 1]'
'[0, 26, 1, 1, 1, 1, 1, 1, 1, 1, 1, 1, 1, 1, 1, 1, 1, 1, 1, 1, 1, 1, 1, 1, 1, 1, 0, 26, 1, 1]'
'[1, 1, 0, 26, 1, 1, 1, 1, 1, 1, 1, 1, 1, 1, 1, 1, 1, 1, 1, 1, 1, 1, 1, 1, 0, 0, 26, 1, 1, 1]'
'[1, 1, 1, 1, 28, 1, 1, 1, 1, 1, 1, 1, 1, 0, 0, 0, 0, 0, 0, 0, 0, 0, 0, 0, 0, 0, 0, 0, 0, 0]'
'[1, 1, 24, 1, 24, 1, 1, 1, 1, 1, 1, 1, 1, 1, 28, 1, 1, 1, 1, 1, 1, 1, 1, 1, 1, 1, 1, 1, 1, 1]'
'[1, 1, 1, 1, 0, 0, 0, 0, 0, 0, 0, 0, 0, 0, 0, 0, 0, 0, 0, 0, 0, 0, 0, 0, 0, 0, 0, 0, 0, 0]'
'[1, 1, 1, 1, 1, 1, 1, 0, 0, 0, 0, 0, 0, 0, 0, 0, 0, 0, 0, 0, 0, 0, 0, 0, 0, 0, 0, 0, 0, 0]'
'[1, 1, 1, 0, 0, 0, 0, 0, 0, 0, 0, 0, 0, 0, 0, 0, 0, 26, 0, 26, 1, 1, 0, 26, 1, 1, 1, 0, 0, 26]'
'[1, 1, 1, 1, 1, 1, 1, 1, 1, 1, 1, 1, 0, 0, 0, 26, 1, 28, 1, 1, 1, 1, 23, 0, 26, 1, 1, 1, 1, 24]'
'[1, 1, 1, 1, 1, 1, 1, 1, 1, 1, 1, 1, 1, 1, 1, 1, 1, 1, 1, 1, 1, 1, 1, 1, 1, 1, 1, 1, 1, 1]'
'[1, 1, 9, 38, 14, 38, 1, 14, 38, 1, 1, 14, 38, 1, 1, 14, 38, 1, 14, 38, 1, 14, 38, 1, 14, 38, 1, 14, 38, 1]'
'[1, 1, 1, 0, 0, 0, 0, 0, 26, 1, 1, 1, 1, 1, 1, 1, 25, 1, 0, 0, 0, 0, 0, 0, 0, 0, 0, 0, 0, 0]'
'[1, 1, 23, 1, 1, 1, 24, 1, 1, 1, 1, 1, 1, 1, 24, 1, 1, 1, 23, 1, 1, 1, 1, 1, 25, 1, 1, 1, 24, 1]'
'[1, 1, 1, 1, 1, 1, 1, 1, 1, 1, 1, 1, 1, 1, 1, 1, 1, 1, 1, 1, 1, 1, 1, 1, 1, 1, 1, 1, 1, 1]'
'[0, 0, 0, 0, 0, 0, 0, 0, 0, 0, 0, 0, 0, 0, 0, 0, 0, 0, 0, 0, 0, 0, 0, 0, 0, 0, 0, 0, 0, 0]'
'[1, 1, 1, 1, 1, 1, 1, 0, 0, 0, 0, 0, 26, 1, 1, 1, 1, 1, 1, 1, 1, 1, 1, 1, 24, 0, 0, 0, 0, 0]'
'[1, 1, 1, 1, 1, 1, 1, 1, 1, 1, 1, 1, 1, 1, 1, 1, 1, 1, 1, 1, 1, 1, 1, 1, 1, 1, 1, 0, 26, 1]'
'[0, 0, 0, 0, 26, 1, 0, 26, 1, 0, 0, 26, 1, 1, 1, 0, 26, 1, 1, 1, 1, 1, 1, 1, 0, 26, 0, 26, 0, 26]'
'[1, 1, 1, 1, 1, 1, 1, 1, 1, 1, 1, 1, 1, 1, 1, 1, 1, 1, 1, 0, 0, 26, 1, 1, 1, 1, 1, 28, 1, 1]'
'[1, 1, 1, 1, 1, 0, 0, 0, 0, 0, 0, 0, 0, 0, 0, 0, 0, 0, 0, 0, 0, 0, 0, 0, 0, 0, 0, 0, 26, 1]'
'[1, 1, 1, 1, 1, 1, 0, 0, 0, 0, 0, 0, 0, 0, 0, 0, 0, 0, 0, 0, 0, 0, 0, 0, 0, 0, 0, 0, 0, 0]'
'[1, 1, 1, 1, 1, 1, 1, 1, 1, 1, 1, 1, 1, 1, 1, 1, 1, 1, 1, 1, 1, 1, 1, 1, 1, 1, 1, 1, 1, 1]'
'[1, 1, 1, 1, 1, 1, 1, 1, 1, 1, 1, 1, 1, 1, 1, 0, 0, 0, 0, 0, 0, 0, 0, 0, 0, 0, 0, 0, 0, 0]'
'[0, 0, 0, 0, 0, 0, 0, 0, 0, 0, 0, 0, 0, 0, 0, 0, 0, 0, 0, 0, 0, 0, 0, 0, 0, 0, 0, 0, 0, 0]'
'[26, 1, 0, 26, 1, 50, 1, 2, 1, 1, 1, 1, 1, 1, 1, 1, 1, 1, 1, 50, 1, 1, 1, 1, 1, 1, 2, 1, 1, 1]'
'[26, 1, 1, 1, 1, 1, 1, 1, 1, 1, 1, 1, 1, 1, 1, 0, 0, 0, 0, 0, 26, 0, 0, 26, 1, 1, 1, 1, 0, 26]'
'[1, 0, 26, 0, 26, 0, 0, 0, 26, 0, 26, 0, 26, 0, 0, 0, 26, 0, 26, 0, 26, 0, 26, 0, 0, 26, 0, 0, 0, 0]'
'[1, 30, 1, 24, 1, 1, 1, 25, 1, 24, 1, 1, 1, 1, 1, 1, 1, 1, 1, 1, 1, 1, 1, 1, 1, 1, 1, 1, 1, 1]'
'[0, 0, 26, 0, 26, 0, 26, 0, 0, 0, 26, 0, 26, 0, 26, 0, 26, 1, 0, 0, 26, 0, 0, 0, 26, 0, 26, 0, 26, 0]'
'[26, 0, 0, 26, 0, 26, 0, 0, 0, 26, 0, 26, 0, 26, 0, 26, 0, 26, 0, 26, 0, 26, 0, 26, 0, 26, 0, 26, 0, 26]'
'[1, 28, 1, 1, 1, 1, 1, 1, 1, 1, 1, 1, 1, 1, 1, 1, 1, 1, 1, 1, 1, 1, 1, 1, 1, 1, 1, 0, 0, 0]'
'[24, 1, 1, 1, 28, 1, 1, 1, 1, 1, 1, 1, 1, 1, 1, 1, 1, 1, 1, 1, 1, 1, 1, 1, 1, 1, 0, 26, 1, 1]'
'[0, 26, 0, 26, 1, 1, 0, 26, 0, 26, 1, 1, 1, 0, 0, 0, 0, 26, 0, 26, 1, 0, 0, 26, 0, 26, 0, 26, 0, 26]'
'[1, 1, 1, 1, 1, 0, 0, 26, 1, 1, 0, 26, 0, 26, 0, 26, 0, 26, 0, 26, 0, 26, 0, 26, 0, 26, 0, 26, 1, 1]'
'[1, 1, 1, 1, 1, 0, 0, 0, 0, 0, 0, 0, 0, 0, 0, 0, 0, 0, 0, 0, 0, 0, 0, 0, 0, 0, 0, 0, 0, 0]'
'[29, 29, 28, 24, 28, 25, 24, 29, 23, 27, 28, 29, 24, 30, 28, 28, 22, 25, 27, 27, 27, 27, 27, 29, 28, 23, 23, 22, 29, 23]'
'[1, 1, 1, 1, 1, 2, 1, 1, 1, 1, 1, 1, 1, 1, 1, 1, 1, 1, 1, 1, 1, 1, 1, 1, 1, 1, 1, 1, 1, 1]'
'[1, 1, 1, 1, 1, 1, 1, 1, 1, 0, 0, 0, 0, 0, 0, 0, 0, 0, 0, 0, 0, 0, 0, 0, 0, 0, 0, 0, 0, 0]'
'[1, 1, 1, 1, 1, 1, 1, 38, 1, 1, 1, 24, 1, 1, 1, 1, 1, 1, 1, 1, 1, 1, 1, 1, 1, 1, 1, 1, 1, 1]'
'[26, 1, 0, 26, 1, 1, 0, 0, 26, 0, 0, 26, 0, 26, 0, 26, 0, 0, 26, 0, 26, 0, 26, 0, 26, 0, 26, 0, 26, 0]'
'[0, 26, 0, 26, 1, 1, 0, 26, 1, 1, 1, 1, 1, 1, 1, 0, 0, 0, 0, 0, 0, 0, 0, 0, 0, 26, 1, 0, 26, 1]'
'[1, 1, 1, 0, 0, 26, 1, 1, 1, 1, 1, 1, 1, 1, 1, 1, 1, 1, 1, 1, 1, 1, 1, 1, 1, 1, 1, 1, 1, 1]'
'[1, 1, 1, 1, 1, 0, 0, 0, 0, 0, 0, 0, 26, 0, 26, 0, 26, 0, 26, 0, 26, 1, 1, 0, 26, 1, 1, 1, 1, 1]'
'[1, 1, 1, 1, 28, 0, 0, 0, 0, 0, 0, 0, 0, 0, 0, 0, 0, 0, 0, 0, 0, 0, 0, 0, 0, 0, 0, 0, 0, 0]'
'[1, 1, 1, 1, 28, 0, 26, 1, 1, 1, 1, 1, 0, 0, 0, 0, 0, 0, 0, 0, 0, 0, 0, 0, 0, 0, 0, 0, 0, 0]'
'[1, 1, 1, 1, 1, 1, 1, 1, 1, 1, 1, 1, 0, 0, 26, 1, 1, 1, 1, 0, 26, 1, 1, 1, 1, 1, 1, 1, 1, 1]'
'[1, 1, 33, 1, 1, 1, 1, 1, 1, 1, 1, 1, 1, 1, 1, 1, 1, 1, 1, 1, 1, 1, 1, 1, 1, 1, 1, 1, 1, 1]'
'[1, 1, 1, 1, 1, 1, 1, 1, 1, 1, 1, 1, 1, 1, 1, 1, 1, 1, 1, 1, 1, 1, 1, 1, 1, 1, 1, 1, 1, 1]'
'[0, 0, 0, 0, 0, 0, 0, 0, 0, 0, 26, 0, 26, 0, 26, 1, 0, 26, 0, 0, 0, 0, 0, 26, 0, 26, 0, 26, 0, 26]'
'[0, 26, 1, 0, 0, 26, 0, 26, 1, 1, 1, 1, 0, 26, 1, 1, 1, 1, 1, 1, 1, 1, 1, 23, 1, 1, 1, 1, 0, 0]'
'[1, 0, 0, 0, 26, 24, 1, 28, 24, 0, 0, 0, 26, 1, 1, 1, 1, 1, 1, 1, 1, 1, 1, 1, 1, 1, 1, 1, 1, 1]'
'[0, 26, 1, 1, 1, 1, 1, 1, 1, 28, 1, 27, 1, 1, 1, 1, 1, 1, 1, 1, 1, 1, 1, 1, 1, 1, 1, 1, 1, 1]'
'[0, 0, 0, 0, 0, 0, 0, 0, 0, 0, 0, 0, 0, 0, 0, 0, 0, 0, 0, 0, 0, 0, 0, 0, 0, 0, 0, 0, 0, 0]'
'[26, 1, 1, 1, 1, 1, 0, 26, 1, 1, 1, 1, 1, 1, 1, 1, 1, 1, 1, 1, 1, 1, 1, 1, 1, 0, 0, 0, 0, 0]'
'[1, 1, 1, 1, 1, 1, 1, 1, 1, 1, 1, 1, 1, 0, 0, 26, 0, 26, 1, 1, 1, 1, 1, 1, 1, 1, 1, 1, 1, 1]'
'[1, 1, 1, 0, 0, 0, 0, 0, 0, 0, 0, 0, 0, 0, 0, 0, 0, 0, 0, 0, 0, 0, 0, 0, 0, 0, 0, 0, 0, 0]'
'[1, 2, 38, 1, 14, 38, 14, 38, 14, 38, 1, 14, 38, 1, 14, 38, 1, 16, 38, 1, 14, 38, 1, 14, 38, 1, 14, 38, 1, 14]'
'[0, 26, 1, 1, 0, 0, 26, 1, 1, 1, 1, 1, 24, 1, 1, 1, 0, 26, 0, 26, 0, 0, 0, 0, 26, 1, 0, 0, 0, 0]'
'[0, 0, 0, 0, 0, 0, 26, 0, 0, 26, 0, 0, 0, 0, 26, 1, 1, 1, 1, 1, 1, 1, 0, 0, 0, 0, 0, 0, 0, 0]'
'[1, 1, 1, 1, 1, 1, 1, 1, 1, 0, 0, 0, 0, 0, 0, 0, 0, 0, 0, 0, 0, 0, 0, 0, 0, 0, 0, 0, 0, 0]'
'[0, 26, 0, 26, 0, 26, 0, 26, 0, 26, 0, 26, 0, 26, 0, 26, 0, 26, 0, 26, 0, 26, 0, 26, 0, 26, 0, 26, 0, 26]'
'[1, 1, 1, 1, 1, 1, 1, 1, 1, 1, 1, 1, 1, 1, 1, 1, 1, 1, 1, 1, 1, 1, 1, 1, 1, 1, 1, 1, 1, 1]'
'[1, 1, 1, 1, 33, 1, 1, 1, 1, 1, 1, 1, 1, 1, 1, 1, 1, 1, 1, 1, 1, 1, 1, 1, 1, 1, 0, 0, 26, 0]'
'[30, 1, 23, 1, 28, 1, 1, 1, 1, 1, 1, 1, 1, 1, 1, 1, 1, 1, 1, 1, 1, 1, 1, 1, 1, 1, 1, 1, 1, 1]'
'[1, 1, 1, 1, 1, 1, 1, 1, 1, 1, 1, 1, 1, 1, 1, 1, 1, 1, 1, 1, 1, 1, 0, 0, 0, 0, 0, 0, 0, 0]'
'[1, 1, 1, 1, 1, 1, 1, 0, 26, 1, 1, 1, 1, 1, 0, 26, 1, 1, 1, 1, 1, 1, 1, 1, 1, 1, 1, 1, 1, 1]'
'[1, 1, 1, 1, 1, 1, 1, 1, 1, 1, 1, 1, 1, 1, 1, 1, 1, 1, 1, 1, 1, 1, 1, 1, 1, 1, 1, 1, 1, 1]'
'[0, 26, 0, 26, 0, 26, 0, 0, 26, 1, 0, 26, 0, 26, 0, 26, 0, 26, 0, 26, 0, 26, 0, 0, 0, 26, 0, 0, 0, 26]'
'[0, 0, 0, 0, 26, 1, 1, 1, 0, 26, 1, 1, 0, 26, 1, 1, 1, 0, 0, 26, 1, 1, 0, 26, 1, 1, 0, 26, 1, 0]'
'[1, 0, 0, 0, 0, 0, 0, 0, 0, 0, 0, 0, 0, 0, 26, 0, 0, 26, 0, 0, 26, 0, 26, 0, 26, 0, 26, 0, 0, 0]'
'[1, 1, 1, 1, 1, 1, 1, 1, 1, 1, 0, 0, 0, 0, 0, 0, 0, 0, 0, 0, 0, 26, 1, 0, 0, 26, 1, 0, 26, 28]'
'[0, 0, 0, 0, 0, 0, 0, 0, 0, 0, 0, 0, 0, 0, 26, 1, 1, 1, 0, 0, 0, 0, 0, 0, 0, 26, 1, 1, 1, 1]'
'[26, 1, 28, 1, 24, 1, 1, 1, 1, 1, 1, 1, 1, 1, 1, 1, 1, 1, 1, 1, 1, 1, 1, 1, 1, 1, 1, 0, 0, 0]'
'[28, 29, 24, 25, 22, 23, 29, 24, 23, 29, 28, 29, 27, 28, 22, 29, 28, 24, 28, 23, 24, 29, 29, 24, 24, 29, 24, 28, 24, 24]'
'[1, 1, 1, 1, 1, 1, 1, 1, 1, 1, 24, 1, 1, 1, 23, 1, 24, 1, 1, 1, 1, 1, 1, 1, 1, 1, 1, 1, 1, 1]'
'[1, 1, 1, 1, 1, 1, 1, 1, 1, 1, 1, 1, 1, 1, 1, 1, 1, 1, 1, 1, 1, 1, 1, 1, 1, 1, 1, 1, 1, 1]'
'[1, 1, 1, 1, 1, 1, 1, 1, 1, 1, 1, 1, 1, 1, 1, 1, 1, 1, 1, 1, 1, 0, 0, 0, 0, 0, 0, 0, 0, 0]'
'[1, 1, 1, 1, 1, 1, 1, 1, 0, 0, 0, 0, 0, 26, 1, 1, 1, 1, 1, 1, 1, 1, 1, 1, 1, 1, 1, 1, 1, 1]'
'[0, 0, 0, 0, 0, 0, 0, 0, 0, 0, 0, 0, 26, 1, 1, 1, 1, 1, 1, 1, 0, 26, 1, 1, 1, 1, 0, 26, 0, 26]'
'[0, 0, 0, 0, 0, 0, 0, 0, 26, 1, 1, 0, 26, 1, 1, 0, 26, 1, 1, 1, 1, 1, 1, 1, 1, 1, 1, 1, 1, 1]'
'[0, 0, 0, 26, 1, 0, 0, 0, 0, 0, 0, 26, 1, 1, 1, 1, 0, 26, 1, 1, 1, 1, 1, 1, 1, 1, 1, 0, 0, 0]'
'[1, 1, 1, 1, 1, 1, 1, 1, 1, 1, 1, 0, 0, 26, 1, 1, 1, 24, 1, 1, 1, 1, 1, 1, 1, 1, 1, 1, 1, 1]'
'[1, 1, 1, 1, 28, 1, 1, 1, 1, 1, 1, 1, 1, 1, 1, 1, 1, 1, 1, 1, 1, 1, 1, 1, 1, 1, 1, 1, 1, 1]'
'[1, 1, 1, 1, 1, 1, 1, 1, 1, 1, 1, 1, 1, 1, 1, 1, 1, 1, 0, 0, 0, 0, 0, 0, 0, 0, 0, 0, 0, 0]'
'[1, 1, 1, 1, 1, 1, 1, 1, 1, 1, 1, 1, 1, 1, 1, 1, 1, 1, 1, 1, 1, 1, 1, 1, 1, 1, 1, 1, 1, 1]'
'[0, 0, 0, 0, 0, 0, 0, 0, 0, 0, 0, 0, 0, 0, 0, 0, 0, 0, 0, 0, 0, 0, 0, 0, 0, 0, 0, 0, 0, 0]'
'[1, 1, 1, 1, 1, 1, 1, 1, 1, 0, 0, 26, 1, 1, 1, 1, 1, 1, 1, 1, 1, 1, 1, 1, 1, 1, 1, 1, 1, 1]'
'[1, 1, 1, 1, 1, 1, 1, 1, 1, 1, 1, 1, 1, 1, 1, 1, 1, 1, 1, 1, 1, 1, 1, 1, 1, 1, 1, 0, 26, 1]'
'[0, 26, 0, 0, 0, 26, 0, 0, 0, 26, 0, 0, 26, 0, 26, 0, 26, 0, 0, 0, 26, 0, 0, 26, 0, 26, 0, 0, 0, 26]'
'[1, 1, 1, 1, 1, 24, 1, 1, 1, 1, 1, 1, 1, 1, 0, 26, 1, 1, 1, 1, 1, 1, 1, 1, 1, 1, 1, 1, 1, 1]'
'[14, 38, 1, 14, 38, 1, 14, 38, 1, 14, 38, 1, 14, 38, 1, 14, 38, 1, 14, 38, 1, 14, 38, 1, 14, 38, 1, 14, 38, 1]'
'[1, 1, 1, 1, 1, 1, 1, 1, 1, 1, 1, 1, 1, 1, 1, 1, 23, 1, 1, 1, 1, 1, 1, 1, 1, 1, 1, 1, 1, 1]'
'[0, 26, 1, 1, 0, 0, 26, 0, 0, 26, 0, 26, 0, 26, 1, 0, 0, 26, 0, 26, 0, 26, 0, 26, 0, 0, 26, 0, 0, 26]'
'[0, 0, 26, 1, 29, 1, 1, 1, 1, 1, 1, 1, 1, 1, 1, 1, 1, 1, 1, 1, 1, 1, 1, 1, 1, 1, 1, 1, 24, 1]'
'[0, 0, 0, 26, 0, 0, 0, 0, 0, 0, 0, 26, 0, 0, 0, 26, 0, 26, 1, 1, 1, 1, 0, 26, 1, 1, 1, 1, 1, 1]'
'[1, 1, 1, 1, 1, 1, 0, 0, 0, 0, 0, 0, 0, 0, 0, 0, 0, 0, 26, 0, 26, 0, 26, 1, 0, 0, 0, 0, 0, 0]'
'[1, 28, 0, 26, 0, 0, 0, 0, 0, 0, 0, 0, 26, 1, 24, 1, 1, 0, 0, 0, 0, 0, 0, 0, 0, 0, 0, 0, 0, 0]'
'[1, 1, 1, 1, 1, 0, 0, 0, 0, 0, 0, 0, 0, 0, 0, 0, 0, 0, 0, 0, 0, 0, 0, 0, 0, 0, 0, 0, 0, 0]'
'[28, 28, 27, 23, 24, 27, 24, 29, 28, 24, 28, 23, 25, 28, 27, 25, 24, 25, 24, 29, 28, 24, 29, 28, 24, 28, 23, 24, 28, 24]'
'[1, 1, 1, 1, 1, 1, 1, 1, 1, 1, 1, 1, 1, 1, 1, 1, 28, 1, 1, 1, 1, 1, 1, 0, 26, 1, 1, 1, 1, 1]'
'[0, 0, 0, 0, 0, 0, 0, 0, 0, 0, 26, 1, 1, 1, 24, 1, 1, 24, 1, 24, 1, 0, 0, 26, 0, 26, 0, 26, 1, 1]'
'[0, 0, 0, 0, 0, 0, 0, 0, 0, 0, 0, 0, 0, 0, 0, 0, 0, 0, 0, 0, 0, 0, 0, 0, 0, 0, 0, 0, 0, 0]'
'[0, 0, 0, 0, 0, 0, 0, 0, 0, 0, 0, 0, 0, 0, 0, 0, 0, 0, 0, 0, 0, 0, 0, 0, 0, 0, 0, 0, 0, 0]'
'[1, 1, 24, 1, 1, 1, 1, 1, 1, 1, 1, 24, 1, 1, 28, 1, 1, 1, 1, 1, 1, 1, 1, 1, 1, 1, 1, 1, 1, 1]'
'[1, 24, 0, 26, 1, 1, 1, 1, 1, 1, 1, 1, 1, 1, 1, 1, 0, 26, 0, 26, 1, 1, 0, 0, 0, 26, 1, 1, 1, 1]'
'[1, 24, 1, 1, 1, 1, 0, 0, 0, 0, 0, 0, 0, 0, 0, 0, 0, 0, 0, 0, 0, 0, 0, 0, 0, 0, 0, 0, 0, 0]'
'[1, 1, 1, 1, 1, 1, 1, 1, 1, 1, 1, 1, 1, 1, 1, 1, 1, 1, 1, 1, 0, 0, 0, 0, 0, 0, 0, 0, 0, 0]'
'[1, 1, 1, 1, 1, 1, 1, 1, 1, 1, 1, 1, 1, 1, 1, 1, 1, 1, 1, 1, 1, 1, 1, 1, 1, 1, 1, 1, 1, 1]'
'[28, 1, 1, 1, 1, 1, 1, 1, 1, 1, 1, 1, 1, 1, 1, 1, 1, 1, 1, 1, 1, 1, 1, 1, 1, 1, 1, 1, 1, 1]'
'[26, 1, 1, 0, 26, 0, 26, 1, 1, 1, 1, 1, 1, 1, 1, 1, 0, 0, 0, 0, 0, 0, 0, 0, 0, 0, 0, 0, 0, 0]'
'[1, 1, 1, 0, 26, 0, 26, 0, 26, 0, 0, 0, 26, 0, 0, 0, 26, 0, 0, 0, 26, 0, 0, 0, 0, 0, 0, 0, 0, 0]'
'[1, 1, 1, 1, 1, 1, 1, 1, 1, 1, 0, 0, 0, 0, 0, 0, 0, 0, 0, 0, 0, 0, 0, 0, 0, 0, 0, 0, 0, 0]'
'[1, 0, 26, 1, 1, 1, 1, 1, 1, 1, 1, 1, 1, 0, 0, 0, 0, 0, 0, 0, 0, 0, 0, 0, 0, 0, 0, 0, 0, 0]'
'[1, 1, 1, 1, 1, 1, 1, 1, 1, 0, 0, 0, 0, 0, 0, 0, 0, 0, 0, 0, 0, 0, 0, 0, 0, 0, 0, 0, 0, 0]'
'[1, 22, 1, 1, 24, 1, 1, 1, 1, 1, 1, 1, 1, 1, 1, 1, 0, 0, 26, 1, 1, 1, 1, 1, 1, 1, 1, 1, 1, 1]'
'[1, 1, 1, 1, 1, 1, 1, 1, 1, 1, 1, 1, 1, 1, 1, 1, 1, 1, 1, 1, 1, 1, 1, 1, 1, 1, 1, 1, 1, 1]'
'[1, 1, 1, 1, 1, 0, 0, 0, 0, 0, 0, 0, 0, 0, 0, 0, 0, 0, 26, 0, 26, 0, 0, 26, 0, 26, 0, 0, 26, 0]'
'[1, 1, 1, 1, 1, 1, 1, 1, 1, 1, 1, 1, 1, 1, 1, 1, 1, 0, 0, 0, 0, 0, 0, 0, 0, 0, 0, 0, 0, 0]'
'[1, 1, 0, 26, 1, 1, 1, 1, 1, 1, 1, 0, 26, 1, 1, 1, 1, 1, 1, 1, 1, 1, 1, 0, 26, 1, 1, 1, 1, 1]'
'[1, 1, 1, 1, 1, 1, 1, 1, 1, 1, 1, 1, 1, 38, 1, 1, 1, 1, 1, 1, 1, 1, 1, 1, 1, 1, 1, 1, 1, 1]'
'[1, 1, 28, 1, 28, 1, 1, 1, 1, 1, 1, 1, 1, 1, 1, 1, 1, 1, 1, 1, 1, 1, 1, 1, 1, 1, 1, 1, 1, 1]'
'[1, 23, 1, 1, 24, 1, 1, 1, 1, 1, 1, 1, 1, 1, 1, 1, 1, 1, 1, 0, 0, 0, 0, 0, 0, 0, 0, 0, 0, 0]'
'[1, 1, 1, 1, 1, 1, 1, 1, 1, 1, 1, 1, 1, 1, 1, 1, 1, 1, 1, 1, 1, 1, 1, 1, 1, 1, 1, 1, 1, 1]'
'[1, 1, 1, 1, 1, 1, 1, 1, 1, 1, 1, 1, 1, 1, 1, 1, 1, 1, 1, 1, 1, 1, 1, 1, 1, 1, 1, 1, 1, 1]'
'[26, 0, 26, 1, 0, 0, 26, 1, 0, 0, 26, 1, 0, 0, 26, 1, 0, 0, 26, 1, 0, 0, 0, 0, 26, 1, 0, 0, 26, 0]'
'[0, 26, 0, 26, 0, 26, 0, 0, 26, 0, 0, 26, 0, 0, 26, 0, 0, 0, 0, 26, 0, 0, 26, 0, 0, 0, 0, 26, 0, 26]'
'[26, 0, 26, 0, 0, 26, 0, 26, 0, 0, 0, 26, 0, 26, 1, 0, 26, 0, 26, 0, 0, 26, 1, 0, 0, 0, 0, 0, 0, 0]'
'[1, 1, 1, 1, 1, 1, 1, 1, 1, 1, 1, 1, 1, 1, 1, 1, 1, 1, 1, 1, 1, 1, 1, 1, 1, 1, 1, 1, 1, 1]'
'[0, 0, 26, 1, 1, 1, 1, 1, 1, 1, 1, 1, 0, 0, 0, 0, 0, 0, 0, 0, 0, 0, 0, 0, 0, 0, 0, 0, 26, 1]'
'[1, 1, 1, 1, 1, 1, 1, 1, 1, 1, 1, 1, 1, 1, 1, 25, 1, 24, 1, 1, 1, 1, 1, 1, 1, 1, 1, 1, 1, 1]'
'[0, 0, 0, 26, 0, 26, 0, 26, 0, 26, 0, 26, 0, 26, 0, 26, 0, 26, 0, 26, 0, 0, 0, 26, 0, 0, 0, 26, 0, 0]'
'[1, 0, 0, 0, 0, 0, 0, 0, 0, 0, 0, 0, 0, 0, 26, 1, 1, 1, 1, 1, 1, 1, 1, 1, 1, 1, 1, 25, 1, 1]'
'[1, 1, 1, 1, 1, 0, 0, 0, 0, 0, 0, 0, 0, 0, 0, 0, 0, 0, 26, 1, 1, 1, 1, 1, 1, 0, 0, 0, 0, 0]'
'[1, 1, 0, 0, 0, 0, 26, 0, 0, 26, 23, 1, 0, 26, 0, 26, 0, 26, 0, 26, 1, 0, 26, 1, 0, 0, 26, 0, 26, 0]'
'[1, 1, 1, 1, 1, 1, 1, 1, 0, 0, 0, 0, 0, 0, 0, 0, 0, 0, 0, 0, 0, 0, 26, 1, 1, 1, 1, 1, 1, 24]'
'[1, 1, 1, 1, 1, 1, 1, 1, 1, 1, 1, 1, 0, 0, 0, 0, 0, 0, 0, 0, 0, 0, 0, 0, 0, 0, 0, 0, 0, 0]'
'[1, 1, 1, 1, 1, 1, 1, 1, 1, 1, 1, 1, 1, 1, 1, 1, 1, 1, 1, 1, 1, 1, 1, 1, 1, 1, 1, 1, 1, 1]'
'[1, 28, 1, 1, 1, 1, 1, 1, 0, 26, 1, 1, 1, 28, 1, 1, 1, 1, 1, 1, 1, 1, 1, 1, 0, 0, 0, 0, 0, 0]'
'[1, 1, 1, 1, 1, 1, 1, 1, 1, 1, 1, 1, 1, 1, 1, 1, 1, 1, 1, 1, 1, 1, 1, 1, 1, 1, 1, 1, 1, 1]'
'[1, 1, 1, 1, 1, 1, 1, 1, 1, 1, 1, 1, 1, 1, 1, 0, 0, 0, 0, 0, 0, 0, 0, 0, 0, 0, 0, 0, 0, 0]'
'[1, 1, 19, 31, 23, 0, 26, 1, 1, 23, 24, 0, 26, 0, 26, 1, 1, 1, 28, 1, 0, 26, 0, 0, 0, 0, 0, 26, 23, 0]'
'[26, 1, 1, 1, 1, 1, 1, 1, 1, 0, 26, 1, 2, 1, 1, 50, 1, 1, 1, 1, 1, 1, 1, 1, 1, 1, 1, 1, 1, 1]'
'[1, 1, 1, 0, 0, 26, 1, 1, 1, 1, 1, 1, 0, 0, 0, 0, 0, 0, 0, 0, 0, 0, 0, 0, 0, 0, 0, 0, 0, 0]'
'[1, 1, 1, 1, 1, 1, 1, 1, 1, 1, 1, 1, 1, 1, 1, 1, 1, 1, 1, 1, 1, 1, 1, 1, 1, 50, 1, 1, 1, 1]'
'[0, 26, 1, 1, 1, 1, 1, 1, 1, 1, 1, 1, 0, 0, 0, 0, 0, 0, 0, 0, 0, 0, 0, 0, 0, 0, 0, 0, 0, 0]'
'[0, 26, 1, 1, 1, 1, 0, 0, 0, 0, 0, 0, 0, 0, 0, 0, 0, 26, 1, 1, 0, 0, 0, 0, 26, 1, 1, 0, 26, 0]'
'[0, 0, 0, 0, 0, 0, 26, 1, 1, 1, 1, 1, 1, 1, 1, 1, 1, 1, 1, 1, 1, 1, 1, 1, 1, 1, 1, 1, 0, 0]'
'[0, 0, 0, 0, 0, 0, 0, 0, 0, 0, 0, 0, 0, 0, 0, 0, 0, 0, 0, 0, 26, 1, 1, 1, 0, 26, 0, 0, 26, 1]'
'[31, 1, 1, 1, 0, 0, 0, 0, 26, 1, 0, 0, 26, 1, 0, 0, 26, 1, 0, 0, 26, 1, 0, 0, 26, 1, 0, 0, 26, 1]'
'[29, 23, 24, 1, 1, 1, 1, 1, 1, 1, 1, 0, 0, 0, 0, 0, 0, 0, 0, 0, 0, 0, 0, 0, 0, 0, 0, 0, 0, 0]'
'[1, 1, 1, 28, 1, 1, 1, 23, 1, 1, 1, 1, 1, 1, 1, 1, 1, 1, 1, 1, 1, 0, 0, 0, 0, 0, 0, 0, 0, 0]'
'[0, 26, 0, 26, 0, 26, 0, 26, 0, 26, 0, 0, 0, 26, 0, 26, 0, 0, 26, 0, 26, 0, 0, 26, 0, 26, 0, 26, 0, 26]'
'[0, 26, 1, 1, 1, 1, 1, 1, 1, 0, 0, 0, 0, 26, 1, 1, 1, 1, 1, 1, 1, 1, 1, 1, 1, 1, 1, 1, 1, 1]'
'[1, 0, 26, 1, 1, 1, 1, 1, 23, 0, 26, 0, 26, 1, 1, 1, 1, 1, 0, 0, 0, 0, 0, 0, 0, 0, 0, 0, 0, 0]'
'[26, 0, 26, 0, 26, 1, 1, 0, 26, 0, 26, 0, 26, 0, 26, 0, 26, 0, 26, 0, 26, 0, 26, 0, 26, 0, 26, 0, 26, 0]'
'[1, 1, 24, 1, 1, 0, 26, 1, 1, 1, 0, 0, 26, 1, 24, 1, 1, 1, 1, 0, 26, 1, 1, 1, 1, 1, 1, 1, 1, 0]'
'[2, 1, 1, 38, 1, 1, 1, 1, 1, 50, 1, 1, 2, 1, 1, 50, 1, 1, 1, 1, 1, 1, 1, 1, 1, 1, 1, 1, 1, 1]'
'[1, 0, 26, 0, 0, 0, 0, 0, 0, 0, 0, 0, 0, 0, 0, 0, 0, 0, 0, 0, 0, 0, 0, 0, 0, 0, 0, 0, 0, 0]'
'[1, 1, 1, 1, 1, 1, 1, 1, 1, 1, 1, 1, 1, 1, 1, 1, 1, 1, 1, 1, 1, 1, 1, 1, 1, 1, 1, 1, 1, 1]'
'[1, 1, 1, 1, 1, 1, 1, 1, 1, 1, 1, 1, 1, 1, 1, 1, 1, 1, 1, 1, 1, 1, 1, 1, 1, 1, 1, 0, 0, 26]'
'[0, 0, 0, 0, 0, 0, 0, 0, 0, 26, 1, 24, 24, 0, 0, 0, 0, 0, 26, 1, 0, 26, 1, 0, 26, 1, 0, 0, 0, 0]'
'[2, 1, 38, 1, 14, 38, 38, 14, 38, 1, 14, 38, 1, 14, 38, 1, 14, 38, 1, 14, 38, 1, 14, 38, 1, 14, 38, 1, 14, 38]'
'[1, 1, 1, 1, 1, 1, 1, 1, 1, 1, 1, 1, 1, 1, 28, 1, 24, 1, 1, 1, 1, 1, 1, 0, 0, 0, 0, 0, 0, 0]'
'[1, 1, 1, 1, 0, 0, 0, 0, 0, 0, 0, 26, 0, 0, 0, 26, 1, 1, 1, 1, 1, 1, 0, 0, 0, 0, 0, 26, 1, 1]'
'[0, 26, 1, 0, 26, 1, 1, 0, 26, 0, 26, 1, 1, 1, 1, 0, 0, 0, 0, 0, 0, 0, 0, 0, 0, 0, 26, 0, 26, 0]'
'[1, 1, 0, 26, 1, 1, 1, 1, 1, 1, 1, 1, 1, 1, 1, 1, 1, 1, 1, 1, 1, 1, 1, 1, 1, 1, 1, 0, 0, 0]'
'[38, 1, 14, 38, 1, 14, 38, 1, 14, 38, 1, 14, 38, 1, 14, 38, 1, 38, 1, 14, 38, 1, 14, 38, 1, 14, 38, 1, 14, 38]'
'[1, 1, 1, 1, 0, 0, 26, 1, 1, 1, 23, 0, 26, 1, 1, 1, 1, 1, 0, 0, 0, 0, 0, 0, 0, 0, 0, 0, 0, 0]'
'[0, 26, 1, 1, 1, 1, 1, 1, 0, 0, 0, 0, 0, 0, 0, 26, 0, 26, 0, 26, 0, 26, 1, 1, 0, 26, 1, 1, 1, 1]'
'[0, 0, 0, 0, 0, 0, 0, 0, 0, 0, 0, 0, 0, 0, 0, 0, 0, 0, 0, 0, 0, 0, 0, 0, 0, 0, 0, 0, 0, 0]'
'[1, 1, 1, 1, 1, 1, 1, 1, 1, 1, 1, 1, 1, 1, 1, 1, 1, 1, 1, 1, 1, 1, 1, 1, 1, 1, 1, 1, 1, 1]'
'[0, 0, 0, 0, 0, 0, 0, 0, 0, 0, 0, 0, 0, 0, 0, 0, 0, 0, 0, 0, 0, 0, 0, 0, 0, 0, 0, 0, 0, 0]'
'[0, 0, 0, 0, 0, 0, 0, 0, 0, 26, 28, 1, 1, 1, 1, 1, 1, 1, 1, 1, 1, 1, 0, 0, 0, 0, 0, 0, 0, 0]'
'[26, 0, 0, 26, 0, 0, 26, 0, 0, 26, 0, 0, 26, 0, 26, 0, 26, 0, 0, 26, 0, 26, 0, 26, 0, 0, 26, 0, 0, 0]'
'[1, 1, 1, 1, 1, 1, 1, 1, 1, 1, 1, 0, 0, 0, 0, 0, 0, 0, 0, 0, 0, 0, 0, 0, 0, 0, 0, 0, 0, 0]'
'[1, 1, 1, 1, 1, 1, 1, 1, 1, 1, 1, 1, 1, 1, 1, 1, 1, 1, 2, 1, 1, 1, 1, 1, 1, 1, 1, 1, 1, 1]'
'[26, 0, 0, 26, 0, 0, 26, 0, 0, 26, 0, 0, 26, 0, 0, 26, 0, 0, 26, 0, 0, 26, 0, 0, 26, 0, 0, 26, 0, 0]'
'[1, 1, 24, 1, 1, 1, 1, 1, 1, 1, 25, 1, 1, 1, 1, 1, 1, 1, 1, 1, 1, 1, 1, 1, 28, 1, 1, 1, 1, 1]'
'[1, 1, 1, 1, 1, 28, 1, 1, 1, 24, 1, 1, 1, 1, 1, 1, 1, 1, 1, 1, 1, 1, 1, 1, 1, 1, 1, 1, 1, 1]'
'[1, 24, 1, 1, 0, 0, 26, 1, 1, 1, 1, 1, 0, 26, 1, 1, 1, 1, 1, 1, 0, 26, 1, 1, 1, 1, 1, 1, 1, 1]'
'[1, 1, 1, 1, 1, 1, 1, 1, 1, 1, 1, 1, 1, 1, 1, 1, 1, 1, 1, 1, 1, 1, 1, 1, 1, 1, 1, 1, 1, 1]'
'[1, 1, 1, 1, 1, 1, 1, 1, 1, 1, 1, 1, 1, 1, 1, 1, 1, 1, 1, 1, 1, 1, 1, 1, 1, 1, 1, 1, 1, 1]'
'[0, 0, 0, 0, 26, 1, 0, 0, 26, 1, 0, 0, 0, 0, 0, 0, 26, 1, 1, 1, 1, 1, 1, 0, 0, 0, 0, 0, 0, 0]'
'[1, 1, 1, 1, 0, 26, 1, 1, 1, 1, 1, 1, 1, 1, 1, 1, 1, 1, 1, 1, 1, 1, 1, 1, 1, 1, 1, 1, 1, 1]'
'[1, 24, 1, 1, 1, 1, 1, 0, 0, 0, 0, 0, 0, 0, 0, 0, 0, 0, 0, 0, 0, 0, 0, 0, 0, 0, 0, 0, 0, 0]'
'[1, 1, 23, 1, 1, 0, 0, 0, 0, 0, 0, 0, 0, 0, 26, 28, 1, 0, 0, 0, 0, 26, 0, 26, 1, 1, 1, 0, 0, 0]'
'[33, 1, 31, 1, 29, 1, 30, 1, 29, 1, 30, 1, 29, 1, 24, 1, 29, 1, 29, 1, 30, 1, 30, 1, 22, 1, 29, 1, 29, 1]'
'[1, 0, 0, 0, 0, 0, 0, 0, 26, 0, 26, 0, 26, 1, 1, 1, 1, 1, 1, 1, 0, 0, 0, 0, 0, 0, 0, 0, 0, 0]'
'[1, 0, 0, 0, 0, 0, 0, 0, 0, 0, 0, 0, 0, 0, 0, 0, 0, 0, 0, 0, 0, 0, 0, 0, 0, 0, 0, 0, 0, 0]'
'[24, 1, 28, 1, 23, 1, 24, 1, 1, 1, 29, 1, 1, 0, 26, 1, 1, 1, 1, 1, 1, 1, 1, 1, 1, 1, 1, 1, 1, 1]'
'[1, 19, 1, 1, 1, 1, 1, 1, 1, 0, 26, 1, 24, 1, 1, 1, 1, 1, 1, 1, 1, 1, 1, 0, 0, 0, 0, 0, 0, 26]'
'[0, 0, 0, 0, 0, 0, 0, 0, 0, 0, 0, 0, 0, 0, 0, 0, 0, 0, 0, 0, 0, 0, 0, 26, 1, 1, 1, 1, 1, 1]'
'[19, 31, 1, 33, 21, 29, 19, 31, 21, 31, 21, 31, 24, 28, 21, 31, 29, 28, 30, 27, 29, 24, 30, 22, 30, 22, 23, 28, 28, 23]'
'[1, 1, 2, 2, 50, 1, 1, 1, 1, 1, 1, 1, 1, 1, 1, 1, 1, 1, 1, 1, 1, 1, 1, 1, 1, 1, 1, 1, 1, 1]'
'[0, 26, 1, 1, 1, 1, 1, 1, 1, 1, 1, 1, 1, 0, 26, 1, 1, 1, 1, 1, 1, 1, 1, 1, 1, 1, 1, 1, 1, 1]'
'[1, 1, 7, 38, 14, 38, 9, 38, 14, 38, 1, 14, 38, 14, 38, 1, 14, 38, 1, 38, 14, 38, 1, 14, 38, 1, 14, 38, 1, 14]'
'[0, 0, 26, 1, 1, 1, 1, 1, 1, 1, 1, 1, 1, 0, 26, 1, 1, 1, 1, 1, 1, 1, 1, 1, 1, 1, 1, 1, 1, 1]'
'[0, 0, 0, 0, 0, 0, 0, 0, 0, 0, 0, 0, 0, 0, 0, 0, 0, 0, 0, 0, 0, 0, 0, 0, 0, 0, 0, 0, 0, 0]'
'[0, 0, 26, 0, 26, 28, 28, 1, 1, 2, 1, 0, 26, 2, 1, 1, 1, 1, 1, 1, 1, 2, 50, 14, 2, 0, 26, 1, 1, 1]'
'[0, 0, 0, 0, 0, 0, 0, 0, 26, 0, 26, 1, 1, 0, 26, 1, 1, 1, 0, 0, 0, 0, 26, 1, 0, 0, 26, 1, 1, 1]'
'[26, 1, 0, 26, 1, 0, 26, 1, 1, 1, 1, 1, 1, 1, 1, 1, 1, 1, 1, 1, 1, 1, 0, 0, 26, 1, 1, 1, 1, 1]'
'[1, 1, 1, 1, 1, 1, 1, 1, 1, 1, 1, 1, 1, 0, 0, 0, 0, 0, 0, 0, 26, 1, 1, 1, 1, 1, 1, 1, 1, 1]'
'[24, 1, 1, 24, 1, 1, 1, 1, 1, 1, 1, 1, 1, 1, 0, 26, 1, 24, 24, 1, 1, 1, 1, 1, 1, 1, 1, 1, 1, 1]'
'[0, 0, 26, 0, 26, 0, 0, 0, 0, 0, 26, 0, 26, 0, 26, 0, 0, 0, 0, 0, 0, 0, 0, 0, 0, 0, 0, 0, 0, 0]'
'[0, 0, 0, 0, 0, 0, 0, 0, 0, 0, 0, 0, 0, 0, 0, 0, 0, 0, 0, 0, 0, 0, 0, 0, 0, 0, 0, 0, 26, 0]'
'[0, 26, 0, 26, 0, 26, 0, 26, 0, 26, 0, 26, 0, 26, 0, 26, 0, 26, 0, 26, 0, 26, 0, 26, 0, 26, 0, 26, 0, 26]'
'[1, 1, 1, 1, 1, 1, 1, 1, 38, 1, 1, 1, 1, 1, 1, 1, 1, 1, 1, 1, 1, 1, 1, 1, 1, 1, 1, 1, 1, 1]'
'[1, 1, 1, 1, 1, 1, 1, 1, 1, 1, 1, 1, 1, 1, 1, 1, 0, 26, 1, 1, 1, 1, 1, 1, 1, 1, 1, 1, 1, 1]'
'[1, 1, 25, 1, 1, 1, 24, 1, 1, 1, 1, 1, 1, 1, 23, 1, 28, 1, 1, 1, 1, 1, 28, 1, 1, 1, 1, 1, 1, 1]'
'[1, 1, 1, 1, 1, 29, 1, 1, 1, 1, 1, 1, 1, 1, 1, 1, 1, 1, 1, 1, 1, 1, 1, 1, 1, 1, 1, 1, 1, 1]'
'[1, 1, 1, 1, 1, 1, 1, 1, 0, 0, 0, 0, 0, 0, 0, 0, 0, 0, 0, 0, 0, 0, 0, 0, 0, 26, 1, 1, 1, 1]'
'[24, 23, 23, 24, 28, 25, 28, 28, 27, 28, 24, 25, 24, 25, 28, 24, 28, 27, 23, 25, 27, 28, 23, 25, 29, 28, 25, 24, 24, 29]'
'[0, 26, 1, 1, 1, 1, 1, 1, 1, 1, 1, 1, 1, 1, 1, 1, 0, 0, 0, 0, 0, 0, 26, 1, 1, 0, 26, 1, 1, 0]'
'[1, 1, 1, 1, 1, 1, 1, 1, 1, 1, 0, 26, 1, 1, 1, 1, 0, 26, 1, 1, 1, 1, 1, 1, 1, 1, 1, 1, 0, 26]'
'[1, 1, 1, 1, 1, 1, 1, 1, 1, 1, 1, 1, 0, 0, 0, 0, 0, 0, 0, 0, 0, 0, 0, 0, 0, 0, 0, 0, 0, 0]'
'[0, 26, 0, 26, 0, 26, 0, 26, 1, 1, 0, 26, 0, 26, 0, 26, 0, 26, 0, 26, 0, 26, 1, 1, 0, 26, 0, 26, 1, 1]'
'[1, 1, 24, 0, 0, 26, 1, 0, 26, 0, 26, 0, 26, 1, 1, 0, 26, 1, 1, 1, 1, 1, 1, 1, 1, 1, 1, 1, 1, 1]'
'[0, 0, 0, 0, 0, 0, 26, 0, 26, 1, 1, 1, 0, 0, 0, 0, 0, 0, 0, 0, 0, 0, 0, 0, 0, 0, 0, 0, 0, 26]'
'[28, 1, 1, 1, 28, 1, 1, 1, 1, 1, 1, 1, 1, 1, 1, 1, 1, 1, 1, 1, 1, 1, 1, 1, 1, 1, 28, 1, 1, 1]'
'[1, 1, 1, 1, 28, 1, 1, 1, 1, 1, 1, 24, 0, 26, 0, 26, 1, 1, 24, 1, 0, 26, 1, 1, 0, 26, 1, 1, 1, 1]'
'[26, 0, 0, 26, 0, 0, 26, 0, 0, 0, 26, 0, 0, 0, 26, 0, 0, 0, 0, 0, 0, 0, 0, 0, 0, 0, 26, 0, 0, 26]'
'[26, 1, 0, 26, 0, 0, 0, 26, 0, 26, 0, 26, 0, 26, 0, 26, 0, 26, 0, 26, 0, 26, 0, 26, 0, 26, 0, 26, 0, 26]'
'[1, 1, 1, 1, 24, 1, 1, 1, 1, 1, 1, 1, 1, 1, 1, 1, 1, 1, 1, 24, 1, 1, 1, 1, 1, 1, 1, 1, 1, 0]'
'[1, 1, 0, 0, 26, 1, 1, 0, 26, 1, 1, 1, 1, 1, 1, 1, 1, 1, 0, 0, 0, 26, 1, 0, 0, 0, 0, 0, 0, 26]'
'[0, 26, 1, 1, 1, 1, 1, 1, 1, 1, 1, 1, 1, 1, 1, 1, 0, 0, 0, 0, 0, 0, 0, 0, 0, 0, 0, 0, 0, 0]'
'[1, 1, 0, 26, 1, 1, 28, 1, 1, 1, 1, 1, 0, 0, 0, 26, 1, 1, 1, 1, 1, 1, 1, 1, 1, 1, 1, 1, 1, 0]'
'[0, 26, 0, 26, 0, 0, 0, 26, 0, 0, 0, 26, 0, 0, 0, 26, 0, 0, 0, 26, 0, 0, 0, 0, 0, 26, 0, 26, 0, 26]'
'[0, 0, 0, 0, 0, 0, 0, 0, 0, 0, 0, 0, 0, 0, 0, 0, 0, 0, 0, 0, 0, 0, 0, 0, 0, 0, 0, 0, 0, 0]'
'[0, 26, 1, 1, 1, 28, 24, 24, 1, 0, 0, 0, 0, 26, 24, 1, 24, 1, 1, 1, 1, 1, 1, 0, 0, 0, 0, 0, 0, 0]'
'[26, 0, 0, 0, 0, 0, 0, 0, 0, 0, 0, 26, 0, 0, 0, 0, 0, 0, 0, 0, 0, 26, 0, 0, 0, 0, 0, 0, 0, 0]'
'[1, 1, 1, 1, 1, 1, 1, 1, 1, 1, 1, 1, 1, 1, 1, 1, 1, 1, 1, 1, 1, 1, 1, 1, 1, 1, 1, 1, 1, 1]'
'[1, 1, 1, 1, 1, 1, 1, 1, 24, 1, 1, 1, 1, 1, 1, 1, 1, 1, 1, 1, 0, 0, 0, 0, 0, 0, 0, 0, 26, 1]'
'[1, 1, 1, 1, 1, 1, 1, 1, 1, 1, 1, 1, 1, 1, 1, 1, 1, 1, 0, 0, 26, 1, 28, 1, 24, 1, 24, 1, 1, 1]'
'[1, 1, 1, 1, 1, 1, 1, 1, 1, 1, 0, 0, 0, 0, 0, 0, 0, 0, 0, 0, 0, 0, 0, 0, 0, 0, 0, 0, 0, 0]'
'[0, 0, 0, 0, 0, 0, 0, 0, 0, 0, 0, 0, 0, 0, 0, 0, 0, 0, 0, 26, 1, 28, 0, 0, 0, 0, 0, 0, 0, 0]'
'[1, 1, 1, 1, 0, 0, 26, 1, 1, 1, 1, 1, 1, 1, 1, 1, 1, 1, 1, 1, 1, 1, 23, 1, 24, 1, 1, 1, 1, 1]'
'[1, 1, 24, 1, 1, 1, 1, 1, 1, 1, 1, 1, 24, 1, 1, 1, 1, 0, 26, 1, 1, 1, 1, 1, 1, 1, 1, 1, 1, 1]'
'[1, 1, 1, 0, 0, 0, 0, 0, 0, 0, 0, 0, 0, 0, 0, 0, 0, 0, 0, 0, 0, 0, 0, 0, 0, 0, 0, 0, 0, 0]'
'[1, 1, 1, 1, 1, 1, 1, 1, 1, 1, 1, 1, 1, 1, 1, 1, 1, 1, 0, 26, 1, 28, 0, 26, 0, 26, 1, 1, 0, 26]'
'[1, 1, 1, 1, 1, 1, 1, 1, 1, 0, 0, 0, 0, 0, 0, 0, 0, 0, 0, 0, 0, 0, 0, 0, 0, 0, 0, 0, 0, 0]'
'[1, 0, 0, 26, 1, 1, 1, 1, 1, 1, 1, 1, 1, 1, 24, 1, 1, 1, 1, 1, 1, 1, 0, 0, 0, 0, 0, 0, 26, 1]'
'[1, 1, 25, 1, 1, 1, 1, 0, 0, 0, 26, 1, 1, 1, 1, 1, 1, 1, 1, 1, 1, 1, 1, 1, 1, 1, 1, 1, 1, 1]'
'[1, 1, 1, 1, 1, 1, 1, 1, 2, 1, 1, 50, 1, 1, 1, 1, 1, 1, 1, 1, 1, 1, 1, 1, 1, 1, 1, 1, 1, 1]'
'[1, 0, 0, 26, 0, 26, 0, 0, 0, 26, 24, 0, 0, 26, 1, 23, 1, 0, 0, 0, 0, 26, 28, 1, 1, 1, 1, 1, 1, 1]'
'[1, 1, 1, 1, 0, 0, 26, 0, 26, 0, 26, 1, 0, 0, 26, 1, 1, 0, 26, 1, 1, 1, 1, 1, 1, 1, 1, 1, 1, 0]'
'[14, 1, 38, 1, 14, 38, 14, 38, 1, 14, 38, 1, 14, 38, 1, 14, 38, 1, 14, 38, 1, 14, 38, 1, 14, 38, 1, 14, 38, 1]'
'[1, 24, 1, 1, 1, 1, 1, 1, 1, 1, 1, 1, 1, 1, 0, 26, 1, 1, 1, 1, 1, 1, 1, 1, 1, 1, 1, 1, 1, 1]'
'[1, 1, 23, 24, 1, 1, 0, 0, 0, 0, 0, 0, 0, 0, 0, 0, 0, 0, 0, 0, 0, 0, 0, 0, 26, 1, 1, 1, 1, 1]'
'[24, 1, 1, 1, 28, 1, 1, 1, 1, 1, 1, 1, 1, 1, 1, 1, 1, 1, 1, 1, 1, 1, 1, 1, 1, 1, 1, 1, 1, 1]'
'[0, 0, 26, 1, 0, 0, 26, 1, 0, 0, 26, 1, 0, 0, 0, 0, 26, 1, 1, 1, 1, 1, 0, 0, 0, 0, 0, 0, 0, 0]'
'[1, 1, 1, 1, 1, 1, 1, 1, 1, 0, 0, 0, 0, 0, 0, 0, 0, 0, 0, 0, 0, 0, 0, 0, 0, 0, 0, 0, 0, 0]'
'[0, 0, 0, 0, 0, 26, 1, 1, 1, 1, 1, 1, 1, 1, 0, 26, 1, 1, 1, 1, 1, 1, 1, 1, 1, 1, 0, 0, 0, 0]'
'[1, 1, 1, 1, 1, 1, 1, 1, 0, 0, 0, 0, 26, 1, 25, 1, 1, 1, 1, 1, 1, 1, 1, 1, 1, 1, 1, 1, 1, 1]'
'[0, 0, 0, 0, 0, 0, 26, 0, 26, 0, 0, 0, 26, 0, 26, 0, 26, 0, 26, 0, 26, 0, 0, 26, 0, 26, 0, 0, 26, 0]'
'[1, 1, 1, 14, 1, 1, 1, 1, 1, 1, 1, 1, 1, 1, 1, 1, 1, 1, 1, 38, 1, 1, 1, 1, 1, 1, 1, 1, 1, 1]'
'[1, 1, 1, 1, 1, 1, 24, 1, 1, 1, 1, 1, 1, 1, 1, 1, 1, 1, 1, 1, 1, 1, 1, 1, 1, 1, 1, 1, 1, 1]'
'[1, 0, 26, 0, 26, 0, 26, 0, 0, 0, 26, 0, 26, 0, 26, 0, 26, 0, 26, 0, 0, 0, 26, 0, 26, 0, 26, 0, 26, 0]'
'[1, 1, 1, 1, 1, 1, 1, 1, 1, 1, 1, 1, 0, 0, 0, 0, 0, 0, 26, 1, 1, 1, 1, 1, 1, 1, 1, 1, 1, 1]'
'[0, 0, 0, 26, 1, 1, 1, 0, 26, 0, 26, 1, 1, 1, 1, 0, 0, 0, 0, 0, 0, 0, 0, 0, 26, 0, 26, 1, 1, 1]'
'[7, 14, 38, 1, 14, 38, 1, 14, 38, 1, 14, 38, 1, 14, 38, 1, 1, 14, 38, 1, 14, 38, 1, 14, 38, 1, 12, 38, 1, 14]'
'[26, 1, 1, 0, 0, 0, 26, 1, 1, 1, 1, 1, 1, 0, 26, 1, 1, 1, 28, 0, 26, 0, 26, 1, 1, 1, 1, 0, 26, 1]'
'[1, 0, 0, 0, 0, 0, 0, 0, 0, 0, 0, 0, 0, 0, 0, 0, 0, 0, 0, 0, 26, 1, 1, 1, 1, 1, 1, 1, 24, 1]'
'[26, 1, 0, 26, 1, 1, 1, 1, 1, 1, 1, 0, 0, 0, 0, 0, 0, 0, 0, 0, 0, 0, 26, 1, 0, 26, 1, 1, 1, 1]'
'[0, 0, 0, 0, 0, 0, 26, 1, 1, 23, 0, 26, 1, 1, 1, 1, 0, 0, 0, 0, 0, 0, 0, 0, 0, 0, 0, 0, 26, 1]'
'[26, 1, 1, 1, 1, 1, 50, 2, 2, 50, 1, 1, 1, 1, 0, 0, 26, 1, 1, 1, 1, 1, 1, 0, 26, 1, 0, 0, 26, 1]'
'[1, 1, 1, 1, 1, 0, 0, 0, 26, 1, 1, 1, 1, 1, 1, 1, 1, 1, 1, 1, 0, 0, 0, 0, 0, 0, 0, 0, 0, 0]'
'[1, 0, 26, 0, 26, 1, 1, 1, 0, 0, 0, 0, 26, 0, 26, 0, 26, 1, 1, 1, 0, 0, 0, 0, 0, 0, 0, 0, 26, 0]'
'[1, 1, 1, 1, 1, 1, 1, 1, 1, 1, 1, 1, 1, 1, 1, 1, 1, 1, 1, 1, 1, 1, 1, 1, 1, 1, 1, 1, 1, 1]'
'[1, 1, 1, 0, 26, 24, 1, 1, 1, 1, 0, 26, 1, 1, 1, 1, 1, 1, 1, 1, 1, 1, 1, 1, 1, 1, 28, 1, 25, 1]'
'[1, 1, 1, 0, 0, 0, 26, 1, 1, 1, 23, 1, 1, 0, 0, 26, 1, 1, 0, 0, 26, 1, 1, 1, 1, 1, 1, 1, 1, 1]'
'[0, 0, 0, 0, 0, 26, 1, 1, 1, 1, 1, 0, 26, 0, 26, 1, 0, 0, 0, 0, 0, 0, 0, 0, 0, 0, 0, 0, 0, 0]'
'[0, 26, 24, 0, 0, 0, 0, 0, 26, 0, 26, 0, 26, 0, 26, 0, 0, 0, 0, 0, 0, 0, 0, 0, 0, 0, 0, 0, 0, 0]'
'[28, 1, 24, 0, 26, 1, 1, 0, 26, 1, 0, 26, 1, 0, 26, 1, 1, 1, 1, 1, 1, 1, 1, 1, 1, 0, 26, 0, 26, 1]'
'[26, 1, 1, 1, 1, 24, 1, 1, 1, 1, 0, 0, 0, 0, 0, 0, 0, 0, 0, 0, 0, 0, 0, 0, 0, 0, 0, 0, 0, 0]'
'[23, 1, 1, 1, 1, 1, 1, 1, 1, 0, 0, 0, 0, 0, 0, 0, 0, 0, 0, 0, 0, 0, 0, 0, 0, 0, 0, 0, 0, 0]'
'[1, 1, 1, 1, 1, 1, 1, 0, 26, 0, 0, 0, 0, 0, 26, 0, 26, 1, 1, 1, 1, 1, 1, 1, 1, 0, 0, 0, 0, 0]'
'[1, 1, 1, 1, 1, 1, 1, 1, 1, 1, 1, 1, 1, 1, 1, 1, 1, 1, 1, 1, 0, 0, 0, 0, 0, 0, 0, 0, 0, 0]'
'[1, 1, 0, 26, 1, 24, 1, 1, 1, 1, 1, 1, 1, 1, 1, 1, 1, 1, 1, 1, 1, 1, 1, 1, 1, 1, 1, 1, 1, 0]'
'[1, 1, 1, 1, 1, 1, 0, 0, 0, 0, 0, 0, 0, 0, 0, 0, 0, 0, 0, 0, 0, 0, 0, 0, 0, 0, 0, 0, 0, 0]'
'[1, 0, 26, 0, 26, 0, 26, 0, 0, 0, 26, 0, 26, 0, 26, 0, 26, 0, 26, 0, 26, 0, 26, 0, 26, 0, 26, 0, 26, 0]'
'[1, 1, 1, 1, 1, 1, 2, 1, 1, 1, 1, 50, 1, 1, 1, 1, 1, 2, 1, 1, 1, 1, 1, 1, 50, 1, 1, 1, 1, 1]'
'[24, 0, 26, 0, 26, 0, 26, 0, 26, 0, 26, 0, 26, 0, 26, 0, 26, 0, 0, 0, 26, 0, 0, 0, 26, 0, 26, 0, 26, 0]'
