'[0, 0, 0, 0, 0, 0, 26, 0, 26, 0, 26, 0, 0, 0, 0, 0, 26, 0, 26, 0, 0, 0, 0, 26, 0, 0, 26, 0, 0, 26]'
'[1, 1, 1, 1, 1, 1, 1, 1, 0, 0, 26, 1, 1, 1, 1, 1, 0, 26, 1, 1, 1, 1, 1, 1, 1, 1, 1, 1, 0, 0]'
'[1, 28, 1, 1, 1, 1, 1, 1, 1, 1, 0, 0, 0, 0, 0, 0, 0, 0, 0, 26, 1, 28, 1, 1, 1, 1, 1, 1, 1, 1]'
'[38, 1, 1, 1, 1, 14, 38, 14, 38, 1, 14, 38, 14, 38, 14, 38, 12, 38, 14, 38, 14, 38, 14, 38, 14, 38, 14, 38, 14, 38]'
'[1, 25, 1, 0, 0, 0, 26, 1, 1, 24, 1, 1, 28, 1, 24, 1, 1, 1, 1, 24, 1, 25, 24, 1, 1, 0, 26, 29, 1, 1]'
'[1, 1, 1, 1, 1, 1, 1, 1, 1, 1, 1, 1, 1, 0, 0, 0, 26, 1, 1, 1, 1, 28, 1, 1, 1, 1, 1, 1, 1, 1]'
'[1, 1, 1, 1, 1, 28, 1, 1, 1, 1, 1, 1, 1, 1, 1, 1, 0, 0, 0, 0, 0, 0, 0, 26, 1, 0, 0, 0, 0, 0]'
'[26, 1, 1, 0, 26, 1, 0, 26, 1, 1, 1, 1, 1, 1, 1, 0, 0, 26, 1, 1, 1, 1, 1, 1, 1, 0, 0, 0, 0, 0]'
'[0, 0, 0, 0, 0, 0, 26, 0, 26, 0, 26, 0, 26, 0, 26, 0, 0, 26, 0, 0, 0, 0, 0, 0, 0, 0, 26, 0, 26, 0]'
'[1, 1, 1, 1, 1, 1, 0, 0, 26, 1, 1, 1, 1, 25, 1, 24, 1, 1, 1, 1, 1, 1, 1, 1, 1, 1, 1, 1, 1, 1]'
'[1, 1, 0, 26, 24, 1, 1, 0, 0, 0, 0, 0, 0, 0, 0, 0, 0, 0, 0, 0, 0, 0, 0, 0, 0, 0, 0, 0, 0, 0]'
'[1, 1, 1, 1, 1, 1, 1, 1, 1, 0, 26, 0, 26, 2, 1, 50, 2, 50, 14, 2, 50, 2, 50, 1, 1, 1, 1, 2, 0, 26]'
'[28, 1, 1, 1, 0, 0, 0, 26, 23, 1, 1, 1, 0, 0, 0, 0, 0, 0, 0, 26, 0, 26, 0, 26, 24, 1, 0, 0, 26, 1]'
'[0, 0, 0, 0, 0, 0, 0, 0, 0, 26, 1, 1, 1, 0, 0, 0, 0, 0, 0, 0, 0, 0, 0, 0, 26, 0, 0, 26, 1, 1]'
'[1, 24, 0, 26, 28, 24, 0, 26, 28, 1, 24, 28, 1, 24, 1, 0, 26, 1, 1, 0, 26, 0, 26, 1, 1, 0, 26, 1, 0, 0]'
'[1, 0, 26, 1, 25, 1, 27, 1, 1, 1, 1, 1, 0, 0, 26, 1, 1, 1, 0, 0, 26, 1, 1, 1, 1, 1, 1, 1, 1, 1]'
'[0, 0, 0, 0, 26, 28, 1, 0, 0, 26, 23, 0, 26, 1, 0, 0, 0, 0, 26, 24, 0, 0, 0, 0, 0, 0, 26, 24, 0, 26]'
'[26, 31, 30, 29, 0, 26, 0, 26, 33, 21, 29, 23, 0, 0, 0, 26, 0, 0, 0, 0, 0, 0, 0, 0, 0, 0, 0, 0, 0, 0]'
'[26, 1, 1, 0, 26, 1, 0, 0, 26, 0, 0, 0, 0, 0, 0, 0, 0, 0, 0, 0, 0, 0, 0, 0, 0, 0, 26, 0, 0, 0]'
'[1, 33, 29, 1, 21, 1, 1, 1, 1, 1, 1, 1, 1, 1, 1, 0, 26, 1, 1, 1, 1, 1, 1, 1, 1, 1, 1, 1, 1, 1]'
'[0, 0, 0, 0, 0, 0, 0, 0, 0, 0, 0, 26, 24, 1, 0, 0, 0, 0, 0, 0, 26, 1, 1, 1, 1, 1, 1, 1, 1, 1]'
'[26, 1, 1, 24, 1, 1, 0, 0, 0, 26, 28, 1, 1, 1, 0, 26, 28, 1, 24, 1, 1, 1, 1, 1, 1, 0, 0, 0, 0, 0]'
'[0, 0, 26, 28, 24, 1, 28, 1, 1, 1, 1, 1, 1, 0, 26, 1, 1, 25, 1, 24, 1, 1, 1, 0, 0, 0, 26, 1, 1, 1]'
'[23, 1, 1, 1, 1, 1, 1, 1, 1, 1, 1, 0, 0, 0, 0, 0, 0, 0, 0, 0, 0, 0, 0, 0, 0, 0, 0, 0, 0, 0]'
'[1, 0, 26, 1, 1, 1, 1, 0, 0, 0, 0, 26, 1, 28, 1, 1, 0, 26, 1, 1, 28, 1, 24, 1, 24, 1, 28, 1, 1, 1]'
'[0, 26, 1, 1, 1, 1, 1, 1, 1, 1, 1, 1, 1, 1, 0, 0, 0, 0, 0, 0, 0, 0, 0, 0, 0, 0, 0, 0, 0, 0]'
'[1, 1, 1, 28, 1, 0, 26, 28, 24, 1, 28, 1, 1, 1, 0, 26, 1, 28, 1, 1, 1, 24, 1, 0, 26, 1, 1, 1, 1, 1]'
'[1, 1, 1, 1, 1, 1, 1, 1, 1, 1, 1, 0, 26, 1, 1, 1, 1, 1, 1, 0, 0, 26, 1, 1, 1, 1, 1, 1, 1, 1]'
'[1, 1, 1, 1, 1, 1, 1, 1, 1, 1, 1, 1, 1, 1, 1, 1, 1, 1, 1, 0, 0, 0, 0, 0, 0, 0, 0, 0, 0, 0]'
'[26, 1, 1, 1, 24, 1, 1, 1, 1, 1, 0, 0, 0, 0, 0, 0, 26, 1, 1, 0, 0, 0, 0, 0, 26, 28, 1, 29, 1, 28]'
'[0, 0, 0, 0, 0, 0, 26, 0, 0, 26, 0, 26, 1, 1, 0, 26, 1, 1, 1, 0, 0, 0, 0, 0, 26, 1, 1, 0, 26, 1]'
'[1, 1, 1, 1, 1, 1, 1, 0, 26, 1, 1, 1, 0, 26, 1, 1, 0, 26, 1, 1, 1, 1, 1, 1, 1, 1, 1, 1, 0, 26]'
'[1, 1, 1, 1, 1, 1, 1, 1, 1, 1, 1, 1, 1, 21, 1, 1, 1, 1, 31, 1, 1, 1, 1, 1, 19, 1, 38, 1, 1, 1]'
'[1, 1, 1, 1, 1, 1, 1, 1, 1, 1, 1, 1, 1, 1, 1, 1, 1, 1, 1, 1, 1, 1, 1, 1, 1, 1, 1, 1, 1, 1]'
'[1, 0, 0, 0, 26, 1, 1, 0, 0, 26, 1, 1, 1, 1, 1, 1, 1, 1, 1, 0, 0, 0, 0, 0, 0, 26, 1, 1, 1, 1]'
'[1, 1, 1, 1, 1, 1, 1, 1, 1, 1, 1, 1, 1, 1, 0, 0, 0, 0, 0, 0, 0, 26, 1, 1, 1, 1, 1, 1, 1, 1]'
'[28, 1, 1, 1, 1, 1, 1, 1, 1, 1, 1, 0, 26, 0, 26, 28, 1, 0, 26, 0, 26, 1, 1, 1, 0, 26, 0, 26, 0, 26]'
'[1, 1, 1, 1, 1, 1, 1, 1, 1, 1, 1, 1, 1, 1, 1, 1, 1, 1, 1, 1, 1, 1, 1, 1, 1, 1, 1, 1, 1, 1]'
'[1, 1, 1, 1, 1, 1, 1, 1, 1, 1, 1, 1, 1, 28, 1, 1, 1, 1, 1, 1, 1, 1, 1, 1, 1, 1, 0, 0, 0, 0]'
'[24, 1, 1, 1, 1, 1, 0, 0, 0, 0, 0, 0, 0, 0, 0, 0, 0, 0, 0, 0, 0, 0, 0, 0, 0, 0, 0, 0, 0, 0]'
'[1, 1, 1, 1, 1, 1, 1, 1, 1, 1, 1, 1, 1, 1, 1, 1, 1, 1, 28, 1, 1, 1, 1, 1, 1, 1, 1, 1, 1, 1]'
'[0, 0, 0, 26, 1, 1, 1, 1, 1, 1, 1, 1, 1, 0, 26, 1, 0, 26, 1, 1, 1, 1, 0, 0, 0, 0, 26, 1, 0, 0]'
'[1, 1, 1, 1, 1, 1, 0, 26, 1, 28, 1, 1, 1, 1, 1, 1, 1, 1, 1, 1, 1, 0, 0, 0, 0, 26, 24, 1, 1, 28]'
'[1, 1, 1, 1, 1, 1, 1, 1, 0, 0, 0, 26, 1, 1, 1, 1, 1, 1, 1, 1, 1, 1, 1, 1, 1, 0, 26, 1, 1, 1]'
'[1, 1, 1, 0, 0, 26, 0, 26, 0, 26, 0, 26, 24, 1, 1, 1, 0, 26, 1, 1, 1, 1, 1, 1, 1, 1, 1, 1, 1, 1]'
'[1, 1, 24, 1, 1, 1, 1, 1, 1, 1, 24, 1, 1, 1, 1, 1, 1, 1, 1, 1, 1, 1, 1, 1, 1, 1, 1, 1, 1, 1]'
'[1, 1, 1, 1, 1, 1, 1, 1, 1, 0, 26, 24, 28, 1, 1, 1, 1, 1, 24, 1, 1, 1, 1, 1, 1, 1, 1, 1, 1, 1]'
'[0, 0, 0, 26, 1, 0, 26, 1, 0, 26, 0, 0, 0, 0, 26, 0, 26, 0, 0, 0, 0, 26, 1, 0, 26, 0, 26, 1, 24, 1]'
'[1, 0, 0, 26, 1, 0, 26, 0, 0, 26, 1, 1, 0, 0, 0, 0, 26, 1, 1, 1, 0, 26, 0, 26, 0, 0, 0, 0, 26, 1]'
'[0, 26, 1, 0, 26, 1, 24, 24, 1, 0, 0, 0, 0, 0, 0, 0, 0, 26, 0, 0, 26, 0, 26, 1, 24, 1, 24, 1, 1, 1]'
'[38, 1, 1, 50, 1, 1, 2, 1, 1, 1, 50, 2, 0, 26, 1, 2, 1, 1, 1, 1, 1, 1, 1, 47, 1, 1, 1, 1, 1, 1]'
'[1, 1, 1, 1, 1, 1, 1, 1, 1, 1, 1, 1, 0, 0, 0, 0, 0, 0, 0, 0, 0, 0, 0, 0, 0, 0, 0, 0, 0, 0]'
'[1, 1, 1, 1, 1, 1, 1, 1, 1, 1, 1, 0, 0, 0, 26, 1, 1, 1, 1, 1, 1, 1, 1, 1, 1, 1, 0, 0, 0, 0]'
'[27, 1, 1, 24, 1, 28, 1, 1, 28, 24, 24, 1, 28, 24, 1, 1, 1, 1, 1, 0, 26, 1, 1, 1, 1, 28, 1, 1, 1, 1]'
'[1, 0, 0, 0, 0, 0, 0, 0, 0, 0, 0, 0, 26, 1, 1, 24, 1, 1, 0, 0, 26, 1, 1, 1, 0, 0, 0, 26, 1, 1]'
'[1, 1, 1, 1, 1, 1, 1, 1, 1, 1, 1, 1, 1, 1, 1, 1, 1, 1, 1, 1, 1, 1, 1, 1, 1, 1, 1, 1, 1, 1]'
'[0, 0, 0, 0, 0, 0, 26, 1, 1, 1, 1, 1, 1, 0, 26, 28, 24, 1, 0, 26, 1, 1, 1, 24, 1, 0, 26, 1, 1, 24]'
'[1, 0, 0, 0, 26, 0, 0, 0, 26, 1, 0, 0, 26, 1, 0, 0, 0, 26, 1, 1, 0, 0, 0, 0, 26, 0, 26, 0, 0, 0]'
'[0, 0, 0, 0, 0, 0, 0, 0, 0, 0, 0, 0, 0, 0, 0, 0, 0, 0, 0, 0, 0, 0, 0, 0, 0, 0, 0, 0, 0, 0]'
'[24, 28, 1, 27, 1, 25, 1, 1, 1, 1, 1, 28, 24, 1, 1, 1, 0, 0, 0, 0, 0, 0, 0, 0, 0, 0, 26, 1, 24, 1]'
'[0, 0, 0, 0, 0, 0, 0, 0, 0, 0, 0, 0, 26, 1, 0, 26, 1, 1, 0, 0, 0, 0, 0, 0, 0, 0, 0, 0, 0, 0]'
'[1, 23, 1, 0, 0, 0, 0, 0, 0, 0, 0, 0, 0, 0, 0, 0, 0, 0, 0, 0, 0, 0, 0, 0, 0, 0, 0, 0, 0, 0]'
'[0, 0, 0, 0, 0, 0, 0, 0, 0, 0, 0, 0, 0, 0, 0, 0, 0, 0, 0, 0, 0, 0, 0, 0, 0, 0, 0, 0, 0, 0]'
'[1, 1, 1, 1, 1, 0, 0, 0, 0, 0, 0, 26, 1, 28, 1, 1, 1, 1, 1, 1, 1, 1, 1, 27, 1, 1, 1, 1, 1, 1]'
'[26, 0, 26, 1, 1, 1, 1, 0, 0, 0, 26, 0, 0, 0, 0, 0, 26, 0, 0, 26, 1, 23, 1, 1, 0, 0, 0, 26, 1, 0]'
'[1, 1, 0, 26, 1, 1, 1, 1, 1, 1, 1, 1, 1, 1, 1, 1, 1, 1, 1, 1, 1, 1, 1, 1, 1, 1, 1, 1, 1, 1]'
'[1, 1, 1, 1, 1, 1, 1, 1, 1, 1, 1, 1, 1, 1, 1, 1, 1, 1, 1, 1, 1, 1, 1, 1, 1, 1, 1, 1, 1, 1]'
'[1, 1, 0, 26, 24, 24, 1, 28, 1, 24, 1, 1, 1, 1, 1, 1, 1, 1, 1, 0, 26, 1, 1, 1, 1, 1, 1, 1, 1, 1]'
'[1, 1, 1, 1, 1, 1, 1, 1, 0, 26, 1, 1, 1, 1, 1, 1, 1, 1, 1, 1, 1, 1, 0, 26, 1, 1, 1, 1, 1, 1]'
'[1, 1, 23, 1, 24, 1, 1, 1, 1, 1, 1, 1, 1, 1, 1, 1, 1, 1, 1, 24, 1, 1, 1, 1, 1, 1, 1, 1, 28, 1]'
'[1, 1, 1, 1, 1, 1, 1, 0, 0, 0, 0, 0, 0, 26, 1, 1, 1, 1, 1, 1, 1, 1, 1, 0, 26, 1, 25, 1, 1, 1]'
'[23, 29, 23, 0, 26, 0, 26, 0, 26, 0, 26, 0, 26, 0, 26, 0, 26, 0, 26, 0, 26, 0, 26, 0, 26, 23, 0, 26, 0, 26]'
'[1, 1, 1, 1, 1, 0, 26, 1, 1, 0, 26, 1, 0, 26, 1, 1, 0, 26, 1, 0, 0, 26, 0, 26, 1, 1, 1, 0, 0, 26]'
'[1, 33, 29, 1, 21, 34, 21, 28, 1, 31, 1, 19, 31, 1, 18, 1, 34, 1, 18, 1, 31, 1, 19, 1, 33, 1, 19, 1, 33, 19]'
'[1, 1, 1, 1, 1, 0, 0, 26, 1, 0, 26, 0, 0, 0, 26, 1, 0, 26, 1, 0, 26, 1, 1, 0, 0, 0, 0, 0, 0, 0]'
'[0, 0, 0, 0, 0, 0, 0, 0, 0, 0, 0, 0, 0, 0, 0, 0, 0, 0, 0, 0, 0, 0, 0, 0, 0, 0, 0, 0, 0, 0]'
'[0, 26, 0, 26, 1, 1, 28, 1, 1, 1, 1, 1, 1, 1, 1, 1, 0, 26, 1, 1, 1, 1, 1, 1, 1, 1, 1, 1, 1, 1]'
'[1, 1, 24, 1, 1, 1, 1, 28, 1, 1, 1, 1, 1, 0, 0, 0, 26, 1, 1, 1, 1, 1, 1, 1, 1, 1, 1, 24, 1, 1]'
'[0, 0, 0, 0, 26, 1, 28, 1, 24, 1, 1, 0, 0, 26, 1, 1, 0, 26, 1, 1, 1, 1, 1, 0, 0, 0, 0, 0, 0, 0]'
'[0, 0, 0, 0, 0, 0, 0, 0, 0, 0, 0, 0, 0, 0, 0, 0, 0, 0, 0, 0, 0, 0, 0, 0, 0, 0, 0, 0, 0, 0]'
'[1, 1, 1, 1, 1, 1, 1, 1, 1, 1, 1, 1, 1, 1, 1, 1, 1, 0, 0, 0, 0, 0, 0, 0, 0, 0, 0, 0, 0, 0]'
'[0, 0, 0, 0, 0, 0, 0, 0, 0, 0, 0, 0, 0, 0, 0, 0, 0, 0, 0, 0, 0, 0, 26, 0, 0, 0, 0, 0, 0, 0]'
'[1, 1, 1, 1, 1, 1, 1, 1, 1, 1, 1, 1, 1, 1, 1, 1, 1, 1, 1, 1, 1, 1, 1, 1, 1, 1, 1, 1, 1, 1]'
'[1, 1, 1, 1, 1, 1, 1, 1, 1, 1, 1, 0, 0, 0, 26, 1, 0, 26, 1, 1, 1, 1, 1, 1, 1, 1, 0, 0, 26, 1]'
'[0, 26, 28, 1, 0, 0, 0, 0, 0, 26, 0, 26, 1, 1, 0, 0, 0, 26, 0, 26, 0, 26, 0, 0, 0, 0, 0, 0, 0, 0]'
'[0, 26, 1, 1, 0, 0, 0, 26, 0, 26, 1, 1, 0, 0, 26, 24, 1, 25, 0, 0, 0, 26, 0, 26, 1, 0, 26, 0, 26, 1]'
'[1, 0, 0, 0, 0, 0, 0, 0, 0, 0, 0, 0, 0, 0, 0, 0, 26, 0, 26, 0, 26, 0, 26, 1, 1, 1, 1, 1, 1, 1]'
'[26, 50, 2, 0, 26, 1, 1, 1, 1, 1, 1, 1, 1, 1, 1, 1, 1, 1, 1, 1, 1, 1, 0, 26, 1, 1, 1, 1, 1, 1]'
'[1, 28, 1, 1, 1, 23, 24, 1, 0, 0, 26, 1, 1, 1, 1, 1, 1, 1, 1, 1, 1, 1, 0, 26, 1, 1, 1, 1, 1, 1]'
'[1, 1, 1, 19, 1, 1, 1, 1, 1, 1, 1, 1, 1, 1, 1, 1, 1, 1, 1, 0, 26, 1, 1, 0, 26, 1, 1, 1, 1, 1]'
'[1, 1, 1, 1, 1, 1, 1, 1, 1, 1, 1, 1, 1, 1, 1, 0, 0, 0, 26, 1, 24, 24, 1, 1, 1, 1, 1, 1, 0, 26]'
'[1, 1, 1, 1, 1, 1, 1, 1, 1, 1, 1, 1, 1, 1, 25, 27, 1, 1, 1, 1, 1, 1, 1, 1, 1, 1, 1, 1, 24, 1]'
'[1, 1, 0, 26, 1, 1, 1, 1, 1, 28, 1, 0, 26, 1, 0, 0, 0, 0, 0, 0, 0, 0, 0, 0, 0, 0, 0, 0, 0, 0]'
'[24, 0, 26, 0, 26, 0, 26, 0, 26, 0, 26, 0, 26, 0, 26, 0, 26, 0, 26, 0, 26, 0, 26, 0, 26, 0, 26, 0, 26, 0]'
'[0, 0, 0, 0, 0, 0, 0, 0, 0, 0, 0, 0, 0, 0, 0, 0, 0, 0, 0, 0, 0, 0, 0, 0, 0, 0, 0, 26, 1, 1]'
'[1, 1, 1, 1, 0, 0, 0, 26, 1, 1, 1, 1, 1, 28, 1, 1, 24, 1, 1, 1, 0, 0, 0, 0, 0, 0, 0, 0, 0, 0]'
'[1, 1, 1, 1, 1, 1, 1, 1, 1, 1, 0, 0, 0, 0, 0, 0, 0, 0, 26, 0, 26, 0, 26, 1, 1, 1, 1, 1, 1, 1]'
'[0, 0, 0, 0, 0, 0, 0, 0, 0, 0, 0, 26, 31, 28, 0, 26, 0, 0, 0, 0, 0, 26, 0, 0, 26, 28, 0, 26, 0, 0]'
'[1, 0, 0, 0, 0, 0, 0, 26, 0, 0, 0, 26, 0, 26, 24, 1, 1, 0, 0, 26, 1, 1, 1, 0, 0, 26, 1, 0, 0, 26]'
'[1, 1, 1, 1, 1, 1, 1, 1, 1, 1, 1, 1, 1, 1, 1, 28, 24, 1, 1, 1, 1, 1, 1, 1, 1, 1, 1, 1, 1, 1]'
'[29, 29, 1, 1, 1, 1, 1, 1, 1, 1, 1, 1, 1, 1, 28, 28, 1, 1, 1, 0, 26, 1, 1, 1, 1, 1, 1, 0, 0, 26]'
'[0, 0, 0, 0, 0, 0, 0, 0, 0, 0, 0, 0, 0, 0, 0, 0, 26, 0, 0, 26, 0, 0, 0, 0, 0, 0, 0, 0, 0, 0]'
'[1, 25, 1, 1, 1, 1, 1, 1, 1, 1, 1, 1, 1, 1, 1, 1, 1, 1, 0, 0, 0, 0, 26, 1, 1, 1, 1, 1, 1, 1]'
'[0, 0, 0, 0, 26, 1, 0, 0, 26, 0, 26, 1, 1, 0, 26, 1, 0, 0, 26, 0, 26, 1, 0, 0, 0, 26, 0, 26, 1, 1]'
'[1, 1, 1, 24, 1, 28, 0, 26, 1, 1, 1, 1, 1, 1, 1, 1, 1, 1, 1, 1, 28, 1, 1, 1, 24, 24, 0, 26, 1, 24]'
'[26, 1, 1, 0, 0, 0, 26, 1, 1, 1, 1, 0, 26, 1, 1, 1, 0, 26, 0, 26, 0, 0, 0, 0, 0, 26, 0, 26, 1, 1]'
'[26, 1, 1, 1, 1, 1, 1, 1, 1, 1, 1, 1, 1, 1, 0, 0, 0, 0, 0, 0, 0, 0, 0, 0, 0, 0, 0, 0, 0, 0]'
'[0, 0, 26, 1, 0, 0, 26, 24, 0, 0, 0, 26, 1, 0, 0, 0, 0, 0, 0, 0, 26, 25, 0, 0, 0, 0, 26, 0, 26, 25]'
'[0, 0, 26, 1, 1, 1, 1, 1, 1, 1, 0, 0, 0, 0, 0, 26, 1, 24, 1, 1, 1, 1, 1, 1, 1, 1, 1, 1, 0, 0]'
'[26, 1, 0, 26, 0, 26, 1, 1, 0, 0, 26, 0, 26, 0, 26, 1, 1, 1, 1, 1, 0, 26, 1, 1, 1, 1, 0, 0, 0, 26]'
'[1, 0, 0, 0, 0, 0, 26, 0, 26, 1, 1, 1, 1, 1, 24, 1, 28, 1, 0, 0, 0, 0, 0, 0, 0, 0, 0, 0, 26, 1]'
'[0, 0, 0, 0, 0, 0, 0, 0, 0, 0, 0, 0, 0, 0, 0, 0, 0, 0, 0, 0, 0, 0, 0, 0, 0, 0, 0, 0, 0, 0]'
'[1, 0, 26, 28, 24, 1, 1, 1, 1, 1, 0, 0, 0, 26, 1, 1, 24, 1, 1, 1, 0, 0, 0, 0, 0, 0, 0, 0, 0, 0]'
'[0, 26, 1, 1, 1, 1, 1, 0, 26, 0, 26, 0, 26, 0, 26, 0, 26, 0, 26, 1, 1, 0, 0, 26, 0, 26, 1, 1, 1, 1]'
'[0, 0, 0, 26, 0, 0, 26, 0, 26, 0, 26, 0, 0, 0, 26, 0, 0, 0, 0, 0, 0, 26, 0, 0, 26, 0, 0, 0, 0, 26]'
'[1, 24, 1, 1, 1, 0, 0, 0, 26, 1, 1, 1, 1, 1, 1, 1, 1, 1, 1, 1, 1, 0, 26, 1, 1, 1, 1, 1, 1, 1]'
'[23, 1, 1, 1, 1, 1, 1, 1, 1, 1, 1, 1, 1, 0, 0, 0, 0, 0, 26, 28, 0, 26, 28, 1, 1, 1, 0, 26, 24, 1]'
'[1, 1, 1, 1, 1, 1, 1, 1, 1, 1, 1, 1, 1, 1, 31, 1, 1, 1, 1, 1, 1, 1, 1, 28, 1, 1, 1, 1, 0, 0]'
'[0, 0, 0, 0, 0, 0, 26, 0, 0, 0, 0, 0, 0, 0, 0, 0, 0, 0, 0, 0, 0, 0, 0, 0, 0, 0, 0, 0, 0, 0]'
'[28, 1, 1, 1, 1, 1, 24, 1, 1, 1, 1, 1, 1, 0, 0, 0, 0, 0, 0, 0, 0, 0, 0, 26, 0, 0, 26, 1, 28, 1]'
'[1, 1, 1, 1, 1, 1, 1, 0, 0, 0, 0, 0, 26, 1, 1, 1, 0, 0, 26, 0, 26, 0, 26, 0, 26, 0, 26, 1, 1, 1]'
'[1, 0, 0, 0, 0, 0, 26, 1, 1, 1, 1, 1, 1, 1, 1, 0, 26, 1, 24, 1, 28, 1, 1, 24, 1, 1, 1, 1, 1, 0]'
'[1, 1, 1, 0, 0, 0, 26, 1, 0, 0, 0, 26, 0, 26, 0, 26, 1, 1, 0, 26, 1, 1, 0, 0, 0, 0, 0, 0, 0, 0]'
'[0, 0, 26, 1, 1, 1, 1, 1, 0, 0, 26, 1, 1, 0, 26, 1, 1, 0, 26, 1, 1, 1, 0, 26, 1, 0, 26, 0, 26, 1]'
'[1, 1, 1, 1, 1, 0, 26, 24, 1, 24, 1, 1, 1, 1, 1, 0, 26, 1, 1, 1, 1, 1, 1, 0, 26, 1, 24, 23, 1, 1]'
'[0, 26, 0, 0, 26, 1, 1, 0, 26, 25, 1, 0, 0, 26, 0, 26, 0, 26, 0, 26, 1, 24, 1, 0, 26, 0, 26, 1, 0, 0]'
'[24, 1, 1, 1, 1, 1, 1, 1, 1, 1, 1, 1, 1, 1, 1, 1, 1, 1, 1, 1, 1, 1, 1, 1, 1, 1, 1, 1, 1, 1]'
'[1, 1, 1, 1, 1, 0, 26, 24, 25, 24, 1, 1, 1, 1, 1, 24, 1, 1, 1, 1, 1, 1, 1, 1, 1, 1, 1, 1, 1, 28]'
'[1, 1, 1, 1, 1, 1, 1, 1, 1, 1, 1, 0, 26, 1, 1, 1, 24, 1, 1, 1, 1, 1, 1, 1, 1, 1, 0, 26, 1, 1]'
'[1, 22, 31, 1, 23, 1, 1, 29, 1, 23, 29, 28, 1, 1, 1, 28, 24, 1, 1, 1, 24, 1, 1, 1, 28, 1, 1, 1, 1, 1]'
'[1, 0, 26, 0, 26, 1, 1, 1, 1, 28, 1, 1, 1, 1, 1, 0, 26, 1, 1, 2, 1, 1, 0, 0, 26, 0, 26, 1, 1, 38]'
'[0, 0, 26, 1, 0, 26, 0, 26, 1, 24, 0, 0, 26, 1, 0, 26, 1, 1, 0, 0, 26, 1, 1, 0, 26, 0, 26, 0, 26, 1]'
'[1, 1, 1, 1, 1, 1, 1, 1, 1, 0, 26, 1, 1, 19, 1, 1, 1, 1, 1, 1, 1, 1, 1, 0, 26, 1, 1, 1, 1, 1]'
'[1, 1, 1, 1, 1, 0, 0, 26, 1, 24, 1, 1, 1, 1, 1, 1, 0, 0, 0, 0, 26, 1, 1, 0, 0, 26, 1, 1, 1, 1]'
'[0, 0, 0, 26, 1, 24, 1, 28, 0, 26, 0, 26, 23, 1, 1, 1, 1, 1, 1, 0, 0, 0, 0, 0, 0, 0, 26, 0, 26, 1]'
'[1, 1, 1, 1, 0, 0, 0, 0, 0, 26, 28, 1, 1, 24, 1, 1, 1, 1, 1, 24, 1, 1, 1, 1, 0, 0, 0, 0, 0, 0]'
'[1, 1, 1, 1, 1, 1, 0, 0, 0, 0, 0, 0, 26, 1, 1, 1, 1, 1, 1, 1, 1, 1, 1, 1, 28, 28, 1, 1, 1, 0]'
'[1, 24, 1, 1, 1, 1, 1, 1, 0, 0, 26, 1, 1, 28, 1, 1, 1, 1, 1, 1, 1, 1, 1, 1, 1, 0, 0, 26, 1, 1]'
'[26, 1, 25, 1, 1, 1, 1, 1, 1, 1, 1, 1, 1, 1, 24, 1, 1, 1, 0, 0, 26, 1, 1, 1, 1, 1, 1, 1, 1, 1]'
'[0, 0, 0, 0, 0, 0, 0, 0, 0, 0, 0, 0, 0, 0, 0, 0, 0, 0, 0, 0, 0, 0, 0, 0, 0, 0, 0, 0, 0, 0]'
'[0, 0, 0, 0, 0, 0, 0, 0, 0, 0, 0, 0, 0, 0, 0, 0, 0, 0, 0, 0, 0, 26, 1, 1, 24, 28, 0, 26, 1, 1]'
'[24, 24, 28, 1, 1, 24, 1, 1, 1, 0, 0, 0, 0, 0, 0, 0, 0, 0, 0, 0, 0, 0, 0, 0, 0, 0, 0, 0, 0, 0]'
'[1, 1, 1, 1, 0, 0, 26, 1, 1, 0, 0, 26, 0, 0, 0, 26, 0, 0, 26, 0, 26, 0, 26, 1, 1, 0, 26, 0, 26, 0]'
'[1, 1, 1, 1, 0, 26, 1, 1, 0, 0, 0, 0, 0, 0, 0, 0, 26, 1, 1, 0, 0, 26, 1, 1, 0, 26, 1, 1, 1, 1]'
'[1, 1, 0, 0, 0, 0, 0, 0, 26, 1, 1, 1, 1, 1, 24, 1, 1, 0, 0, 0, 0, 0, 0, 0, 0, 0, 0, 0, 0, 0]'
'[1, 27, 1, 1, 1, 1, 1, 1, 0, 26, 1, 1, 1, 1, 1, 1, 1, 1, 1, 1, 0, 0, 0, 26, 1, 1, 1, 1, 0, 26]'
'[1, 1, 1, 1, 0, 0, 0, 0, 0, 26, 1, 1, 1, 1, 1, 1, 1, 1, 1, 1, 1, 1, 1, 1, 1, 1, 1, 1, 1, 1]'
'[28, 24, 28, 0, 0, 0, 0, 26, 1, 29, 28, 0, 0, 0, 0, 0, 0, 0, 0, 0, 0, 0, 0, 0, 0, 0, 0, 26, 28, 29]'
'[1, 24, 28, 1, 1, 1, 1, 24, 1, 1, 1, 1, 1, 1, 0, 0, 0, 26, 0, 0, 26, 1, 1, 24, 1, 1, 1, 25, 1, 24]'
'[1, 1, 1, 1, 0, 0, 0, 0, 0, 0, 0, 26, 1, 1, 1, 0, 0, 0, 0, 0, 0, 0, 0, 0, 0, 0, 0, 0, 0, 0]'
'[0, 0, 0, 0, 0, 26, 0, 26, 0, 26, 0, 26, 0, 26, 0, 26, 0, 26, 0, 26, 0, 26, 0, 26, 0, 26, 1, 1, 1, 1]'
'[26, 1, 1, 0, 0, 0, 26, 24, 1, 0, 0, 0, 0, 0, 0, 0, 0, 0, 0, 0, 0, 0, 0, 0, 26, 0, 0, 0, 26, 1]'
'[1, 1, 0, 0, 0, 0, 0, 0, 0, 0, 0, 0, 0, 0, 0, 0, 0, 0, 0, 0, 0, 0, 0, 0, 0, 0, 0, 0, 0, 0]'
'[1, 1, 1, 1, 0, 0, 0, 0, 26, 0, 26, 0, 0, 0, 0, 0, 0, 0, 0, 0, 0, 0, 0, 0, 0, 0, 0, 0, 0, 0]'
'[26, 0, 26, 1, 1, 1, 1, 1, 1, 0, 0, 26, 0, 0, 0, 0, 0, 26, 0, 0, 0, 0, 26, 0, 26, 0, 0, 0, 0, 0]'
'[1, 1, 1, 1, 1, 1, 1, 1, 1, 1, 1, 1, 1, 1, 1, 1, 1, 1, 1, 1, 1, 1, 1, 1, 1, 1, 1, 1, 1, 1]'
'[28, 1, 1, 1, 1, 1, 1, 1, 1, 28, 1, 1, 1, 1, 1, 24, 28, 1, 1, 1, 28, 24, 1, 1, 1, 24, 28, 24, 28, 1]'
'[0, 26, 24, 0, 0, 26, 28, 24, 0, 26, 0, 26, 28, 1, 0, 0, 0, 0, 0, 0, 0, 26, 1, 0, 0, 26, 1, 0, 26, 0]'
'[0, 0, 0, 0, 0, 0, 0, 0, 0, 0, 26, 1, 1, 1, 1, 1, 1, 1, 1, 1, 0, 26, 0, 26, 1, 1, 1, 1, 1, 0]'
'[1, 1, 1, 1, 1, 1, 1, 50, 2, 1, 1, 1, 1, 1, 1, 1, 1, 1, 1, 1, 1, 1, 1, 1, 1, 1, 1, 1, 1, 1]'
'[24, 1, 1, 1, 1, 1, 1, 1, 24, 23, 24, 1, 0, 26, 29, 28, 24, 28, 24, 1, 23, 24, 28, 24, 1, 1, 1, 1, 1, 1]'
'[1, 1, 1, 1, 1, 1, 1, 0, 26, 1, 28, 1, 1, 28, 1, 24, 29, 1, 1, 23, 1, 24, 1, 1, 28, 0, 0, 26, 1, 1]'
'[1, 1, 1, 1, 1, 1, 28, 1, 24, 1, 1, 1, 1, 1, 1, 1, 1, 1, 1, 1, 1, 1, 1, 1, 1, 1, 1, 1, 1, 1]'
'[1, 1, 1, 1, 0, 0, 0, 0, 0, 0, 0, 0, 0, 0, 0, 0, 26, 1, 1, 1, 1, 1, 1, 1, 1, 1, 1, 1, 1, 1]'
'[0, 26, 1, 0, 0, 0, 26, 1, 0, 26, 0, 0, 26, 1, 0, 0, 0, 26, 0, 0, 0, 0, 0, 26, 1, 0, 26, 0, 26, 0]'
'[0, 26, 1, 0, 0, 26, 24, 1, 1, 0, 0, 26, 0, 0, 0, 26, 24, 1, 1, 1, 1, 0, 26, 0, 26, 0, 26, 0, 26, 0]'
'[1, 1, 1, 0, 0, 0, 26, 24, 1, 1, 1, 1, 0, 0, 0, 0, 26, 1, 1, 0, 26, 0, 26, 1, 28, 1, 1, 24, 1, 1]'
'[0, 0, 0, 0, 0, 0, 0, 0, 0, 0, 0, 26, 1, 1, 1, 1, 0, 0, 0, 0, 0, 26, 1, 1, 1, 1, 1, 28, 24, 0]'
'[1, 1, 1, 0, 0, 0, 26, 1, 28, 1, 1, 1, 28, 1, 1, 1, 1, 1, 1, 0, 0, 0, 0, 0, 0, 0, 0, 0, 0, 0]'
'[26, 0, 26, 0, 26, 1, 0, 0, 0, 0, 0, 26, 1, 0, 26, 0, 0, 0, 26, 0, 0, 0, 0, 0, 0, 0, 0, 0, 0, 0]'
'[1, 0, 0, 0, 0, 0, 0, 0, 26, 1, 1, 1, 0, 0, 0, 0, 0, 0, 0, 0, 26, 1, 0, 26, 1, 1, 1, 1, 0, 26]'
'[1, 1, 1, 1, 1, 1, 0, 0, 0, 0, 0, 0, 0, 0, 0, 26, 1, 1, 1, 1, 1, 1, 1, 1, 1, 1, 1, 1, 1, 1]'
'[31, 1, 1, 1, 1, 1, 1, 1, 1, 1, 1, 1, 1, 1, 1, 1, 1, 1, 1, 1, 1, 1, 1, 1, 1, 1, 1, 1, 1, 1]'
'[0, 0, 0, 26, 0, 0, 26, 0, 26, 0, 26, 0, 26, 0, 26, 0, 26, 0, 26, 0, 26, 0, 26, 1, 0, 0, 0, 0, 0, 0]'
'[26, 1, 0, 26, 1, 1, 1, 0, 0, 0, 26, 1, 1, 1, 1, 1, 0, 0, 0, 26, 28, 24, 1, 1, 1, 0, 0, 0, 26, 1]'
'[0, 0, 0, 0, 0, 26, 1, 1, 1, 1, 1, 1, 1, 1, 1, 1, 1, 1, 1, 1, 1, 1, 1, 1, 0, 0, 0, 0, 26, 0]'
'[0, 0, 0, 0, 0, 0, 0, 0, 0, 0, 0, 0, 0, 0, 0, 0, 0, 0, 0, 0, 0, 0, 0, 0, 0, 0, 0, 0, 0, 0]'
'[1, 21, 1, 1, 1, 1, 1, 0, 0, 26, 1, 1, 1, 1, 1, 1, 1, 1, 1, 1, 1, 1, 1, 1, 1, 1, 1, 1, 1, 1]'
'[1, 24, 24, 28, 1, 0, 0, 0, 26, 1, 1, 28, 1, 1, 1, 1, 1, 1, 1, 1, 1, 1, 1, 1, 1, 0, 0, 0, 0, 0]'
'[0, 0, 0, 0, 0, 26, 1, 1, 1, 1, 1, 1, 1, 1, 0, 0, 0, 0, 0, 0, 26, 1, 1, 1, 1, 1, 1, 1, 1, 1]'
'[28, 24, 1, 1, 1, 0, 0, 0, 0, 0, 0, 26, 1, 1, 1, 1, 1, 1, 1, 1, 0, 0, 0, 26, 1, 1, 1, 1, 1, 1]'
'[1, 1, 0, 0, 26, 28, 24, 0, 0, 0, 26, 24, 1, 1, 0, 0, 0, 0, 0, 0, 0, 26, 0, 26, 1, 1, 0, 26, 0, 0]'
'[28, 24, 25, 24, 1, 1, 1, 1, 1, 0, 26, 1, 28, 1, 1, 1, 1, 1, 1, 24, 1, 1, 1, 1, 1, 1, 0, 0, 0, 0]'
'[1, 1, 1, 0, 0, 0, 0, 0, 0, 0, 26, 1, 24, 1, 1, 1, 1, 0, 26, 1, 1, 1, 1, 1, 1, 1, 1, 1, 1, 0]'
'[1, 1, 1, 1, 0, 26, 1, 23, 1, 29, 1, 1, 28, 1, 24, 1, 28, 1, 1, 0, 0, 0, 0, 0, 26, 1, 24, 1, 24, 1]'
'[0, 26, 1, 1, 1, 24, 1, 0, 0, 26, 1, 28, 1, 1, 1, 0, 0, 0, 0, 0, 0, 0, 26, 1, 24, 1, 1, 1, 0, 0]'
'[29, 0, 26, 1, 24, 1, 28, 1, 24, 1, 1, 1, 1, 1, 0, 0, 26, 1, 1, 1, 1, 24, 1, 1, 1, 1, 1, 1, 1, 1]'
'[1, 1, 1, 1, 1, 1, 27, 25, 1, 0, 0, 0, 0, 0, 0, 0, 0, 26, 24, 1, 1, 1, 24, 1, 28, 1, 1, 24, 28, 1]'
'[38, 38, 14, 38, 14, 38, 21, 38, 14, 38, 14, 38, 14, 38, 14, 38, 14, 38, 14, 38, 14, 38, 14, 38, 14, 38, 14, 38, 14, 38]'
'[1, 0, 26, 1, 1, 0, 26, 0, 0, 0, 0, 26, 1, 1, 1, 1, 1, 0, 26, 0, 0, 0, 26, 0, 0, 0, 26, 0, 26, 1]'
'[1, 1, 1, 0, 0, 26, 1, 25, 24, 0, 26, 0, 26, 1, 1, 1, 1, 0, 0, 0, 0, 0, 0, 0, 0, 0, 26, 1, 1, 1]'
'[1, 1, 1, 1, 1, 1, 1, 1, 1, 1, 1, 0, 26, 1, 1, 1, 1, 1, 1, 1, 1, 1, 1, 0, 0, 26, 1, 1, 1, 1]'
'[1, 1, 1, 0, 26, 1, 1, 1, 1, 28, 0, 0, 0, 0, 26, 1, 1, 1, 1, 1, 1, 1, 1, 0, 0, 0, 0, 26, 1, 1]'
'[0, 0, 0, 0, 0, 0, 0, 0, 0, 0, 26, 1, 1, 1, 1, 24, 28, 1, 1, 1, 1, 1, 1, 1, 1, 1, 1, 1, 1, 1]'
'[0, 0, 0, 0, 0, 0, 0, 0, 0, 0, 26, 24, 1, 1, 1, 24, 0, 0, 26, 28, 1, 1, 24, 1, 28, 1, 1, 24, 1, 1]'
'[1, 1, 1, 0, 26, 1, 1, 24, 1, 1, 24, 0, 26, 1, 1, 28, 1, 0, 26, 1, 24, 1, 1, 1, 1, 1, 1, 1, 1, 1]'
'[26, 1, 1, 0, 26, 1, 1, 1, 0, 0, 26, 1, 2, 50, 1, 1, 2, 50, 1, 1, 1, 1, 1, 1, 1, 0, 26, 0, 26, 0]'
'[28, 0, 26, 0, 26, 28, 24, 1, 1, 0, 0, 0, 0, 26, 1, 1, 1, 1, 1, 1, 1, 0, 0, 0, 0, 0, 0, 0, 0, 0]'
'[19, 33, 19, 35, 17, 33, 19, 33, 19, 33, 19, 33, 19, 35, 17, 33, 19, 33, 19, 35, 17, 33, 19, 33, 19, 35, 17, 33, 19, 35]'
'[1, 1, 1, 1, 1, 1, 1, 1, 1, 0, 0, 0, 0, 0, 26, 1, 1, 1, 24, 1, 1, 1, 1, 28, 1, 24, 0, 26, 0, 26]'
'[0, 0, 0, 0, 0, 0, 0, 0, 0, 0, 0, 0, 0, 0, 0, 0, 0, 0, 0, 0, 0, 0, 0, 0, 0, 0, 0, 0, 0, 0]'
'[24, 1, 28, 1, 24, 24, 1, 1, 0, 26, 1, 1, 1, 1, 1, 1, 1, 1, 1, 1, 1, 1, 1, 1, 1, 1, 1, 0, 0, 0]'
'[1, 1, 1, 0, 0, 0, 0, 0, 0, 0, 0, 0, 0, 0, 0, 0, 0, 0, 0, 0, 0, 0, 0, 0, 0, 0, 0, 0, 0, 0]'
'[1, 24, 0, 0, 26, 1, 1, 1, 28, 24, 1, 1, 1, 28, 1, 0, 26, 1, 1, 1, 1, 1, 28, 1, 1, 1, 1, 1, 0, 0]'
'[0, 26, 1, 0, 26, 28, 1, 1, 1, 1, 1, 1, 1, 0, 0, 0, 0, 0, 0, 0, 0, 26, 1, 1, 0, 0, 0, 0, 26, 1]'
'[1, 1, 1, 1, 1, 1, 0, 0, 0, 0, 0, 0, 0, 0, 0, 0, 0, 0, 0, 0, 0, 0, 0, 0, 0, 0, 0, 0, 0, 0]'
'[1, 1, 1, 1, 0, 0, 0, 0, 0, 26, 1, 1, 1, 0, 0, 0, 0, 26, 0, 26, 1, 1, 1, 1, 1, 0, 0, 0, 0, 0]'
'[1, 0, 26, 29, 1, 1, 0, 26, 24, 1, 1, 1, 0, 26, 28, 1, 1, 24, 28, 0, 26, 24, 25, 24, 1, 0, 26, 1, 1, 0]'
'[27, 1, 28, 1, 1, 1, 0, 0, 0, 26, 1, 1, 1, 1, 1, 1, 1, 1, 1, 1, 1, 1, 1, 1, 1, 1, 1, 1, 1, 1]'
'[1, 1, 1, 1, 1, 1, 1, 1, 1, 1, 0, 26, 1, 1, 1, 1, 1, 24, 1, 1, 1, 1, 1, 1, 1, 1, 0, 26, 1, 1]'
'[1, 1, 1, 1, 1, 1, 1, 1, 1, 1, 1, 1, 24, 28, 1, 1, 1, 1, 1, 1, 1, 29, 1, 1, 28, 1, 1, 1, 1, 1]'
'[0, 26, 0, 26, 1, 1, 1, 1, 1, 1, 1, 0, 0, 26, 1, 1, 1, 1, 0, 26, 1, 1, 1, 1, 0, 0, 26, 1, 1, 1]'
'[14, 38, 14, 38, 14, 38, 14, 38, 14, 38, 14, 38, 14, 38, 14, 38, 14, 38, 14, 38, 14, 38, 14, 38, 14, 38, 14, 38, 14, 38]'
'[1, 1, 0, 26, 1, 1, 0, 26, 1, 1, 0, 26, 2, 1, 50, 1, 2, 0, 26, 1, 1, 1, 1, 1, 1, 1, 1, 1, 1, 1]'
'[1, 1, 1, 1, 1, 1, 1, 28, 1, 1, 1, 1, 1, 1, 1, 0, 0, 0, 0, 26, 28, 1, 1, 1, 1, 1, 1, 1, 1, 28]'
'[22, 30, 1, 27, 28, 1, 23, 27, 25, 24, 1, 24, 1, 1, 23, 1, 1, 29, 28, 1, 1, 1, 1, 1, 1, 1, 1, 1, 1, 1]'
'[1, 1, 1, 1, 1, 1, 1, 1, 1, 1, 1, 1, 1, 1, 1, 1, 1, 0, 0, 0, 0, 26, 1, 1, 1, 1, 1, 1, 1, 1]'
'[0, 0, 0, 0, 0, 0, 26, 0, 0, 26, 1, 24, 23, 1, 0, 26, 1, 24, 1, 1, 0, 26, 1, 1, 1, 1, 1, 1, 1, 1]'
'[0, 0, 0, 0, 0, 0, 26, 24, 1, 1, 1, 1, 1, 1, 1, 1, 0, 0, 0, 0, 26, 1, 1, 1, 1, 1, 1, 0, 0, 26]'
'[26, 1, 1, 0, 0, 0, 26, 0, 26, 1, 1, 0, 0, 0, 0, 0, 26, 0, 0, 0, 26, 0, 26, 0, 26, 0, 26, 0, 26, 0]'
'[0, 0, 0, 26, 1, 1, 1, 0, 0, 26, 0, 0, 26, 1, 0, 26, 1, 1, 0, 26, 0, 26, 1, 28, 1, 0, 26, 0, 26, 24]'
'[1, 1, 1, 0, 0, 0, 26, 1, 1, 1, 1, 1, 1, 1, 1, 1, 1, 1, 1, 0, 26, 0, 26, 1, 1, 1, 0, 0, 26, 0]'
'[1, 1, 0, 0, 0, 0, 0, 0, 0, 0, 0, 0, 26, 1, 0, 26, 1, 1, 1, 1, 1, 1, 0, 0, 0, 0, 0, 0, 0, 0]'
'[1, 1, 1, 1, 1, 1, 1, 1, 1, 1, 1, 1, 1, 1, 1, 1, 1, 1, 1, 1, 1, 1, 1, 1, 1, 1, 1, 1, 1, 0]'
'[1, 0, 26, 0, 26, 1, 1, 1, 1, 1, 1, 1, 1, 1, 0, 0, 26, 1, 1, 1, 0, 0, 0, 0, 26, 1, 1, 1, 28, 1]'
'[1, 1, 1, 1, 1, 1, 1, 1, 1, 1, 1, 1, 1, 1, 1, 1, 1, 1, 1, 0, 0, 0, 0, 0, 0, 0, 0, 0, 0, 0]'
'[0, 26, 1, 24, 1, 28, 1, 1, 1, 1, 1, 24, 1, 1, 1, 0, 26, 1, 28, 1, 1, 1, 1, 1, 0, 0, 0, 0, 0, 0]'
'[1, 0, 26, 1, 0, 26, 1, 1, 1, 1, 1, 1, 28, 0, 26, 1, 1, 0, 0, 26, 1, 1, 1, 1, 1, 1, 1, 1, 28, 29]'
'[24, 24, 1, 1, 28, 1, 24, 25, 22, 1, 0, 0, 26, 23, 1, 1, 1, 24, 24, 1, 1, 0, 26, 1, 1, 1, 1, 1, 1, 0]'
'[1, 0, 0, 0, 26, 1, 0, 26, 1, 1, 1, 28, 1, 1, 1, 1, 1, 0, 0, 0, 0, 0, 26, 1, 1, 1, 1, 1, 1, 1]'
'[1, 1, 1, 1, 0, 0, 0, 0, 0, 26, 1, 1, 1, 1, 25, 1, 1, 1, 0, 0, 0, 0, 0, 0, 0, 0, 0, 0, 0, 0]'
'[0, 0, 0, 0, 0, 0, 26, 0, 0, 0, 0, 0, 0, 0, 0, 0, 0, 0, 0, 0, 0, 0, 0, 0, 0, 0, 0, 0, 0, 0]'
'[0, 0, 26, 0, 0, 0, 0, 26, 1, 0, 0, 0, 0, 26, 0, 0, 0, 0, 26, 0, 0, 26, 0, 0, 26, 0, 26, 0, 26, 0]'
'[0, 26, 1, 1, 1, 1, 0, 0, 0, 0, 0, 26, 1, 1, 1, 1, 0, 26, 1, 1, 0, 0, 0, 0, 0, 26, 1, 1, 1, 1]'
'[0, 0, 26, 0, 26, 1, 0, 0, 0, 26, 1, 1, 0, 26, 0, 0, 26, 0, 0, 26, 0, 26, 0, 26, 24, 23, 1, 1, 1, 0]'
'[0, 26, 1, 1, 1, 0, 0, 0, 0, 0, 0, 0, 0, 0, 0, 0, 0, 0, 0, 0, 0, 0, 0, 0, 0, 0, 0, 0, 0, 0]'
'[0, 26, 1, 0, 26, 24, 28, 1, 1, 1, 0, 0, 26, 1, 0, 26, 0, 26, 1, 1, 0, 26, 1, 1, 1, 1, 1, 1, 1, 1]'
'[0, 0, 0, 26, 24, 28, 24, 28, 0, 0, 0, 26, 28, 24, 28, 24, 28, 24, 0, 0, 26, 28, 29, 23, 24, 0, 0, 0, 0, 0]'
'[24, 24, 1, 1, 1, 0, 26, 29, 1, 1, 1, 1, 1, 0, 26, 1, 1, 1, 1, 1, 1, 1, 1, 1, 1, 1, 1, 1, 1, 1]'
'[1, 1, 1, 0, 0, 0, 0, 0, 0, 0, 0, 0, 0, 0, 0, 0, 0, 0, 0, 0, 0, 0, 0, 0, 0, 0, 0, 0, 0, 0]'
'[27, 23, 1, 0, 26, 1, 1, 1, 0, 26, 1, 1, 1, 0, 0, 0, 0, 26, 1, 1, 1, 1, 1, 1, 1, 1, 1, 1, 1, 1]'
'[0, 26, 1, 1, 1, 0, 0, 0, 26, 1, 1, 1, 1, 0, 0, 26, 1, 25, 24, 24, 1, 1, 1, 1, 1, 1, 1, 1, 1, 1]'
'[1, 31, 1, 30, 1, 22, 28, 1, 1, 1, 1, 1, 0, 0, 0, 0, 0, 0, 26, 1, 1, 1, 1, 1, 1, 1, 1, 1, 1, 1]'
'[1, 0, 0, 26, 1, 1, 1, 1, 1, 1, 1, 1, 1, 1, 0, 26, 28, 24, 1, 1, 0, 0, 0, 0, 0, 0, 0, 0, 0, 0]'
'[1, 1, 24, 1, 0, 0, 0, 0, 0, 0, 26, 1, 1, 1, 0, 26, 1, 0, 26, 24, 1, 1, 28, 1, 1, 1, 1, 1, 1, 1]'
'[1, 1, 1, 1, 0, 0, 0, 26, 1, 1, 24, 0, 26, 0, 26, 0, 26, 0, 26, 0, 26, 24, 28, 0, 26, 28, 1, 0, 0, 0]'
'[1, 1, 1, 1, 1, 1, 0, 26, 1, 1, 1, 1, 1, 1, 1, 1, 1, 1, 1, 1, 1, 1, 1, 1, 1, 1, 1, 1, 1, 1]'
'[1, 1, 1, 1, 1, 0, 0, 0, 26, 1, 1, 1, 1, 0, 0, 26, 0, 26, 1, 1, 24, 1, 0, 0, 0, 0, 0, 26, 1, 1]'
'[26, 1, 1, 1, 0, 0, 0, 26, 1, 1, 1, 0, 0, 0, 0, 0, 26, 25, 1, 1, 0, 26, 0, 0, 26, 1, 1, 0, 0, 0]'
'[1, 24, 1, 0, 0, 26, 1, 24, 1, 1, 1, 1, 1, 1, 1, 1, 1, 1, 0, 26, 1, 1, 24, 1, 1, 0, 0, 0, 0, 0]'
'[0, 0, 26, 0, 26, 1, 1, 1, 1, 0, 0, 26, 0, 26, 0, 26, 1, 0, 26, 0, 26, 1, 1, 0, 0, 26, 1, 0, 26, 1]'
'[1, 1, 1, 1, 1, 0, 0, 0, 0, 0, 26, 0, 0, 0, 0, 0, 26, 1, 1, 1, 0, 26, 1, 1, 1, 1, 1, 1, 1, 1]'
'[26, 1, 1, 1, 1, 0, 0, 26, 1, 0, 26, 1, 1, 0, 0, 0, 26, 0, 26, 1, 0, 26, 1, 1, 0, 0, 0, 26, 1, 0]'
'[0, 0, 0, 26, 0, 26, 0, 26, 0, 0, 26, 0, 26, 0, 26, 0, 26, 0, 26, 0, 26, 0, 26, 0, 26, 0, 26, 0, 26, 0]'
'[0, 0, 26, 1, 24, 1, 0, 0, 26, 1, 1, 1, 1, 1, 0, 26, 1, 25, 1, 1, 1, 0, 0, 0, 0, 0, 26, 1, 1, 1]'
'[0, 26, 0, 0, 26, 0, 0, 26, 1, 0, 26, 0, 26, 1, 1, 1, 0, 26, 1, 1, 1, 1, 1, 1, 1, 1, 1, 1, 1, 0]'
'[0, 0, 0, 0, 0, 0, 0, 0, 0, 0, 0, 0, 26, 28, 24, 1, 0, 0, 0, 26, 1, 0, 26, 0, 26, 0, 26, 0, 26, 28]'
'[1, 1, 1, 1, 1, 1, 0, 0, 0, 0, 0, 0, 0, 0, 0, 0, 0, 0, 0, 0, 0, 0, 26, 1, 1, 24, 1, 1, 1, 1]'
'[1, 1, 1, 1, 1, 0, 0, 0, 0, 0, 0, 0, 0, 0, 0, 0, 0, 0, 0, 0, 0, 0, 0, 0, 0, 0, 0, 0, 0, 0]'
'[0, 0, 0, 0, 0, 0, 0, 0, 0, 0, 0, 0, 0, 26, 1, 29, 1, 1, 1, 1, 28, 1, 1, 1, 1, 0, 0, 0, 26, 1]'
'[1, 1, 1, 29, 1, 1, 1, 1, 1, 1, 1, 1, 1, 1, 1, 1, 1, 1, 1, 0, 26, 1, 1, 1, 1, 1, 1, 1, 1, 1]'
'[1, 1, 1, 1, 1, 1, 0, 26, 1, 1, 1, 0, 0, 0, 26, 1, 1, 1, 1, 24, 1, 1, 1, 1, 1, 1, 1, 1, 1, 1]'
'[1, 1, 1, 1, 1, 1, 1, 1, 1, 1, 1, 1, 1, 1, 1, 1, 1, 1, 1, 1, 1, 1, 1, 1, 1, 1, 1, 1, 0, 26]'
'[1, 1, 1, 1, 1, 1, 1, 1, 1, 1, 0, 0, 26, 1, 1, 1, 0, 26, 0, 26, 1, 1, 1, 1, 1, 1, 1, 1, 24, 1]'
'[0, 26, 1, 1, 1, 1, 1, 1, 1, 1, 1, 1, 1, 24, 1, 1, 1, 1, 1, 1, 1, 1, 1, 1, 0, 26, 1, 24, 1, 1]'
'[0, 26, 1, 1, 1, 1, 1, 1, 1, 1, 1, 1, 1, 1, 1, 0, 0, 0, 0, 0, 0, 0, 0, 26, 1, 1, 1, 1, 1, 1]'
'[1, 0, 0, 0, 0, 0, 0, 0, 0, 0, 0, 0, 0, 0, 0, 0, 0, 0, 0, 0, 0, 0, 0, 0, 0, 0, 0, 0, 0, 0]'
'[26, 24, 1, 23, 1, 1, 1, 1, 1, 0, 0, 0, 0, 0, 0, 0, 0, 0, 0, 0, 0, 0, 0, 0, 0, 0, 0, 0, 0, 0]'
'[1, 27, 24, 23, 1, 1, 24, 1, 1, 1, 1, 1, 1, 1, 1, 1, 1, 1, 1, 1, 1, 1, 1, 1, 1, 1, 1, 1, 1, 1]'
'[1, 1, 24, 0, 26, 1, 28, 1, 24, 0, 26, 0, 0, 26, 24, 28, 0, 0, 0, 0, 0, 0, 0, 0, 26, 1, 1, 0, 0, 0]'
'[0, 0, 0, 0, 0, 0, 0, 0, 0, 0, 0, 0, 0, 0, 0, 0, 0, 0, 0, 0, 0, 0, 0, 0, 0, 0, 0, 0, 0, 0]'
'[0, 26, 24, 23, 1, 1, 0, 0, 0, 0, 26, 28, 1, 1, 24, 1, 0, 0, 0, 0, 0, 0, 26, 24, 1, 23, 1, 24, 23, 24]'
'[1, 1, 1, 28, 28, 24, 28, 1, 24, 1, 1, 1, 1, 1, 1, 0, 0, 0, 0, 0, 0, 0, 0, 0, 0, 0, 0, 0, 0, 0]'
'[24, 0, 26, 1, 28, 1, 1, 1, 1, 0, 26, 0, 26, 1, 1, 28, 1, 1, 0, 26, 1, 28, 1, 1, 1, 1, 1, 1, 1, 1]'
'[26, 1, 24, 1, 1, 1, 1, 28, 1, 1, 1, 1, 24, 24, 1, 1, 1, 0, 26, 1, 1, 1, 1, 25, 1, 1, 1, 1, 1, 1]'
'[1, 1, 1, 1, 1, 1, 1, 1, 1, 1, 1, 1, 1, 1, 1, 1, 1, 1, 1, 1, 0, 0, 0, 0, 0, 0, 0, 0, 0, 0]'
'[24, 0, 0, 0, 0, 0, 0, 0, 0, 0, 0, 0, 0, 0, 0, 0, 0, 0, 0, 0, 0, 0, 0, 0, 0, 0, 0, 0, 0, 0]'
'[1, 0, 0, 0, 0, 26, 0, 0, 26, 1, 28, 24, 1, 1, 1, 1, 0, 0, 26, 24, 1, 1, 1, 1, 1, 28, 24, 1, 28, 1]'
'[1, 1, 1, 1, 1, 1, 1, 1, 0, 0, 0, 0, 0, 0, 0, 0, 0, 0, 0, 0, 0, 0, 0, 0, 0, 0, 0, 0, 0, 0]'
'[0, 0, 0, 0, 0, 0, 0, 0, 0, 0, 0, 0, 0, 0, 0, 0, 0, 26, 0, 0, 0, 26, 0, 0, 0, 0, 0, 0, 0, 0]'
'[1, 1, 1, 0, 0, 0, 0, 0, 0, 0, 0, 26, 1, 1, 1, 1, 0, 26, 1, 1, 1, 1, 28, 1, 27, 1, 1, 0, 26, 1]'
'[1, 1, 1, 1, 1, 1, 1, 1, 1, 0, 0, 0, 0, 26, 1, 24, 25, 1, 1, 1, 1, 27, 1, 1, 1, 1, 1, 1, 1, 25]'
'[0, 26, 0, 26, 0, 26, 1, 0, 26, 0, 26, 1, 1, 1, 1, 1, 0, 26, 0, 26, 1, 1, 1, 0, 0, 0, 26, 0, 26, 1]'
'[24, 1, 1, 1, 1, 0, 26, 0, 26, 24, 1, 1, 1, 0, 26, 1, 1, 1, 1, 1, 1, 1, 1, 1, 1, 1, 1, 1, 1, 1]'
'[0, 0, 26, 0, 26, 1, 0, 0, 0, 26, 0, 0, 0, 0, 26, 0, 26, 1, 24, 0, 0, 0, 0, 26, 0, 26, 1, 0, 0, 0]'
'[0, 0, 0, 0, 0, 0, 0, 0, 0, 0, 0, 0, 0, 0, 0, 0, 0, 0, 0, 0, 0, 0, 0, 0, 0, 0, 0, 0, 0, 0]'
'[23, 1, 1, 1, 1, 24, 1, 1, 1, 1, 1, 1, 1, 1, 1, 1, 1, 1, 1, 1, 1, 0, 26, 31, 1, 23, 1, 1, 1, 1]'
'[26, 24, 25, 1, 1, 1, 0, 0, 26, 1, 24, 1, 24, 1, 0, 0, 0, 0, 0, 0, 0, 0, 26, 28, 1, 1, 24, 25, 1, 1]'
'[1, 1, 1, 1, 0, 0, 0, 0, 0, 0, 0, 0, 0, 0, 0, 0, 0, 0, 0, 0, 0, 0, 0, 0, 0, 0, 0, 0, 0, 0]'
'[1, 1, 1, 1, 1, 1, 1, 1, 28, 27, 1, 0, 0, 0, 0, 0, 0, 0, 26, 1, 28, 1, 24, 1, 1, 0, 0, 26, 1, 28]'
'[1, 0, 0, 26, 1, 1, 1, 1, 1, 1, 1, 1, 1, 0, 26, 1, 1, 1, 1, 1, 1, 1, 1, 1, 1, 1, 1, 1, 1, 1]'
'[0, 0, 0, 0, 0, 0, 0, 0, 0, 0, 0, 0, 0, 0, 0, 0, 0, 0, 0, 0, 0, 0, 0, 0, 0, 0, 26, 1, 28, 1]'
'[1, 1, 0, 0, 26, 28, 24, 1, 1, 1, 1, 1, 1, 1, 1, 1, 1, 1, 1, 1, 1, 1, 1, 0, 26, 1, 1, 1, 1, 1]'
'[0, 26, 0, 26, 21, 23, 29, 23, 0, 26, 0, 26, 0, 26, 0, 26, 0, 26, 0, 26, 0, 26, 0, 26, 0, 26, 0, 26, 0, 26]'
'[22, 33, 19, 0, 26, 31, 23, 29, 23, 29, 23, 29, 23, 29, 21, 23, 29, 0, 26, 0, 26, 0, 26, 0, 26, 23, 31, 21, 19, 33]'
'[1, 24, 1, 1, 1, 1, 0, 0, 0, 0, 0, 0, 0, 26, 1, 1, 28, 1, 1, 1, 1, 1, 1, 1, 1, 1, 1, 27, 1, 1]'
'[1, 1, 1, 1, 1, 1, 1, 1, 0, 0, 26, 1, 1, 1, 1, 1, 1, 1, 1, 1, 1, 1, 1, 1, 1, 1, 1, 1, 0, 0]'
'[1, 0, 0, 26, 1, 1, 1, 1, 1, 1, 1, 0, 0, 0, 0, 0, 0, 0, 0, 0, 0, 0, 0, 0, 0, 0, 0, 0, 0, 0]'
'[1, 1, 1, 1, 1, 1, 0, 26, 1, 1, 1, 1, 1, 1, 1, 1, 1, 1, 1, 1, 1, 1, 1, 1, 1, 1, 1, 1, 1, 1]'
'[1, 1, 1, 1, 1, 1, 1, 1, 1, 1, 1, 1, 1, 0, 26, 1, 1, 31, 1, 1, 1, 1, 1, 1, 1, 0, 0, 0, 0, 0]'
'[1, 0, 0, 26, 1, 1, 1, 1, 1, 0, 26, 1, 1, 1, 1, 1, 1, 1, 1, 1, 1, 1, 1, 1, 1, 1, 1, 0, 0, 26]'
'[1, 1, 28, 1, 0, 0, 26, 1, 1, 1, 1, 1, 28, 1, 1, 0, 0, 0, 0, 0, 0, 0, 26, 1, 1, 1, 1, 1, 1, 1]'
'[0, 26, 1, 1, 0, 0, 26, 1, 23, 0, 26, 1, 1, 0, 26, 0, 26, 0, 26, 0, 0, 26, 1, 24, 1, 0, 0, 26, 0, 26]'
'[26, 0, 26, 1, 0, 0, 0, 26, 1, 1, 1, 1, 1, 0, 26, 1, 1, 1, 1, 1, 1, 1, 1, 1, 1, 1, 0, 0, 0, 0]'
'[1, 1, 1, 0, 26, 1, 0, 26, 1, 1, 1, 1, 0, 26, 1, 1, 1, 1, 1, 1, 1, 1, 1, 1, 1, 0, 0, 0, 0, 0]'
'[1, 1, 1, 0, 0, 0, 26, 1, 1, 1, 0, 0, 0, 0, 0, 0, 26, 1, 1, 1, 1, 1, 0, 0, 0, 0, 0, 0, 26, 1]'
'[0, 26, 1, 1, 0, 0, 0, 0, 26, 1, 1, 1, 1, 1, 1, 1, 1, 1, 1, 1, 1, 1, 1, 1, 1, 0, 0, 0, 0, 0]'
'[1, 1, 0, 0, 0, 26, 1, 1, 1, 1, 1, 1, 1, 1, 1, 1, 1, 1, 1, 1, 1, 1, 1, 1, 1, 1, 1, 1, 1, 1]'
'[1, 0, 26, 1, 1, 1, 1, 1, 28, 1, 0, 26, 1, 1, 1, 1, 1, 1, 1, 25, 1, 24, 1, 1, 1, 1, 1, 1, 0, 26]'
'[1, 1, 1, 1, 0, 0, 0, 0, 0, 0, 0, 0, 0, 0, 0, 0, 0, 0, 0, 0, 0, 0, 0, 0, 26, 1, 1, 1, 1, 0]'
'[0, 0, 0, 0, 26, 1, 1, 24, 28, 0, 26, 1, 1, 1, 1, 1, 1, 1, 0, 0, 26, 1, 1, 1, 1, 1, 1, 1, 1, 1]'
'[1, 1, 1, 21, 28, 1, 1, 1, 1, 1, 1, 24, 1, 1, 1, 1, 1, 0, 0, 0, 0, 0, 0, 0, 0, 0, 0, 0, 0, 0]'
'[1, 1, 1, 0, 26, 1, 1, 1, 1, 0, 0, 0, 26, 1, 24, 1, 1, 1, 1, 1, 1, 1, 1, 1, 1, 1, 1, 1, 1, 1]'
'[1, 0, 0, 0, 0, 26, 0, 26, 1, 0, 0, 0, 0, 26, 0, 26, 24, 0, 0, 0, 0, 26, 0, 0, 0, 0, 0, 0, 0, 0]'
'[28, 1, 1, 0, 0, 26, 1, 24, 0, 0, 26, 1, 1, 1, 1, 0, 0, 26, 28, 1, 24, 0, 0, 0, 26, 1, 1, 24, 1, 1]'
'[1, 1, 1, 1, 1, 1, 28, 1, 24, 1, 28, 1, 1, 1, 1, 1, 1, 1, 1, 0, 0, 0, 0, 26, 1, 1, 1, 1, 1, 1]'
'[1, 1, 1, 1, 1, 1, 1, 1, 1, 1, 1, 1, 1, 1, 1, 1, 1, 1, 1, 1, 0, 0, 26, 1, 1, 1, 1, 1, 1, 1]'
'[1, 23, 1, 24, 23, 1, 29, 24, 28, 1, 1, 28, 1, 1, 1, 1, 1, 1, 0, 0, 0, 0, 0, 0, 0, 0, 0, 0, 0, 0]'
'[1, 1, 1, 28, 24, 1, 1, 1, 1, 1, 0, 0, 0, 0, 0, 0, 0, 0, 0, 0, 0, 0, 0, 26, 0, 26, 0, 26, 0, 26]'
'[1, 1, 1, 24, 24, 28, 1, 0, 26, 0, 26, 0, 26, 1, 0, 26, 1, 28, 1, 27, 24, 1, 1, 1, 1, 1, 1, 1, 0, 0]'
'[0, 0, 0, 26, 1, 1, 25, 1, 24, 1, 0, 0, 0, 26, 0, 26, 1, 1, 0, 0, 26, 1, 1, 1, 0, 26, 0, 0, 0, 0]'
'[22, 28, 1, 31, 1, 23, 1, 1, 24, 1, 1, 1, 1, 24, 1, 28, 1, 1, 1, 1, 1, 1, 1, 1, 1, 1, 0, 0, 0, 0]'
'[1, 0, 26, 28, 1, 1, 1, 1, 0, 26, 1, 0, 26, 1, 1, 1, 1, 1, 1, 1, 0, 0, 26, 1, 1, 1, 1, 1, 1, 1]'
'[2, 1, 1, 1, 50, 2, 1, 1, 1, 1, 1, 1, 0, 26, 1, 0, 26, 1, 2, 0, 26, 0, 26, 1, 1, 1, 1, 0, 26, 1]'
'[1, 1, 1, 1, 0, 0, 26, 1, 1, 1, 1, 1, 1, 1, 24, 1, 1, 1, 1, 1, 1, 1, 1, 1, 1, 1, 1, 1, 1, 1]'
'[0, 26, 1, 1, 1, 1, 1, 1, 1, 1, 1, 1, 1, 1, 1, 1, 0, 0, 0, 0, 26, 0, 0, 0, 26, 1, 0, 26, 0, 26]'
'[0, 0, 26, 28, 28, 0, 26, 1, 1, 0, 0, 26, 1, 0, 0, 26, 24, 1, 0, 26, 1, 1, 1, 1, 24, 1, 0, 0, 0, 0]'
'[1, 1, 1, 24, 1, 1, 1, 1, 1, 1, 1, 1, 1, 1, 1, 1, 1, 1, 1, 1, 1, 1, 1, 1, 1, 1, 1, 1, 1, 1]'
'[1, 0, 26, 1, 1, 1, 0, 26, 1, 1, 0, 26, 1, 1, 0, 26, 1, 1, 1, 1, 0, 26, 0, 26, 1, 1, 1, 1, 1, 1]'
'[1, 1, 1, 1, 1, 1, 1, 0, 0, 0, 0, 0, 26, 1, 1, 28, 1, 1, 1, 1, 1, 1, 1, 1, 1, 1, 1, 1, 1, 1]'
'[1, 0, 0, 0, 0, 26, 1, 1, 1, 28, 1, 0, 0, 0, 0, 0, 0, 0, 0, 0, 26, 1, 0, 26, 0, 26, 1, 1, 0, 0]'
'[28, 1, 1, 1, 1, 1, 0, 0, 0, 26, 1, 1, 1, 1, 1, 1, 1, 1, 24, 1, 1, 1, 1, 0, 0, 26, 1, 1, 1, 1]'
'[1, 24, 0, 0, 0, 0, 26, 28, 28, 1, 1, 1, 1, 1, 1, 1, 1, 0, 26, 1, 0, 26, 1, 1, 1, 1, 1, 1, 1, 1]'
'[26, 1, 1, 1, 0, 26, 28, 1, 0, 0, 0, 0, 0, 26, 1, 0, 26, 1, 1, 1, 1, 1, 1, 0, 0, 0, 0, 26, 29, 1]'
'[1, 1, 1, 1, 1, 1, 1, 1, 1, 1, 1, 1, 1, 1, 1, 1, 1, 1, 1, 1, 1, 1, 1, 1, 1, 1, 1, 1, 0, 0]'
'[50, 1, 1, 1, 0, 0, 26, 1, 50, 1, 1, 1, 0, 0, 0, 0, 26, 1, 1, 1, 2, 1, 1, 33, 1, 1, 1, 1, 1, 1]'
'[1, 1, 0, 26, 1, 1, 1, 1, 0, 26, 0, 0, 0, 0, 26, 1, 1, 1, 1, 1, 1, 1, 1, 1, 1, 0, 0, 0, 0, 0]'
'[1, 1, 1, 1, 1, 1, 1, 1, 1, 1, 1, 1, 1, 1, 1, 1, 1, 1, 0, 26, 1, 1, 1, 1, 1, 1, 1, 0, 0, 26]'
'[0, 0, 0, 0, 26, 1, 1, 28, 1, 29, 1, 0, 0, 0, 26, 1, 0, 0, 26, 1, 1, 0, 0, 0, 0, 26, 0, 0, 26, 1]'
'[38, 38, 16, 1, 38, 14, 1, 29, 14, 38, 14, 38, 16, 38, 1, 14, 38, 14, 38, 14, 38, 14, 38, 14, 38, 14, 38, 14, 38, 14]'
'[1, 1, 0, 26, 28, 1, 1, 1, 1, 1, 1, 1, 1, 1, 1, 1, 23, 1, 24, 1, 1, 1, 1, 1, 0, 26, 24, 1, 28, 1]'
'[0, 26, 1, 1, 1, 1, 1, 1, 1, 1, 1, 1, 1, 1, 1, 1, 1, 1, 0, 0, 0, 0, 0, 0, 0, 0, 0, 0, 0, 26]'
'[25, 22, 1, 28, 1, 1, 1, 1, 1, 1, 1, 1, 1, 1, 1, 0, 26, 1, 0, 26, 1, 1, 1, 0, 26, 0, 26, 1, 1, 1]'
'[1, 0, 0, 0, 0, 0, 26, 0, 26, 0, 0, 0, 0, 26, 1, 1, 1, 1, 0, 0, 26, 0, 26, 1, 0, 26, 1, 0, 26, 1]'
'[1, 23, 0, 26, 0, 26, 0, 26, 1, 1, 1, 1, 1, 1, 1, 1, 1, 1, 1, 0, 26, 1, 0, 26, 0, 26, 1, 1, 0, 26]'
'[1, 0, 0, 0, 0, 0, 0, 0, 0, 0, 0, 0, 0, 0, 0, 0, 26, 24, 1, 1, 0, 0, 0, 0, 0, 0, 0, 0, 0, 0]'
'[1, 0, 26, 1, 1, 0, 26, 0, 26, 1, 1, 1, 1, 0, 26, 1, 0, 26, 0, 0, 26, 0, 26, 1, 1, 1, 1, 1, 1, 0]'
'[1, 1, 1, 0, 0, 26, 1, 1, 1, 28, 1, 1, 1, 1, 0, 0, 0, 26, 1, 1, 1, 1, 1, 0, 0, 26, 1, 1, 1, 1]'
'[26, 1, 1, 1, 1, 1, 1, 0, 0, 0, 0, 0, 0, 0, 0, 0, 26, 0, 26, 0, 26, 0, 26, 1, 1, 1, 1, 1, 1, 1]'
'[1, 28, 1, 1, 1, 1, 1, 0, 0, 0, 0, 0, 0, 0, 0, 26, 1, 1, 1, 1, 0, 0, 0, 0, 0, 0, 0, 0, 0, 0]'
'[1, 1, 1, 1, 1, 1, 1, 0, 26, 1, 1, 1, 1, 1, 1, 1, 1, 1, 1, 1, 1, 1, 1, 1, 1, 1, 1, 1, 0, 0]'
'[31, 19, 33, 21, 31, 21, 31, 21, 31, 21, 31, 21, 31, 21, 31, 21, 31, 21, 31, 21, 31, 21, 31, 21, 31, 21, 31, 21, 31, 21]'
'[22, 33, 1, 1, 1, 0, 26, 1, 1, 1, 0, 26, 1, 0, 26, 1, 1, 1, 1, 0, 26, 0, 26, 1, 1, 0, 26, 24, 1, 1]'
'[1, 28, 1, 24, 24, 1, 1, 1, 1, 1, 1, 1, 1, 0, 0, 26, 1, 1, 1, 1, 0, 26, 1, 1, 1, 1, 1, 1, 1, 1]'
'[2, 1, 38, 9, 47, 1, 1, 5, 1, 47, 1, 10, 38, 1, 1, 1, 1, 1, 1, 1, 1, 1, 1, 1, 1, 1, 14, 1, 1, 1]'
'[24, 1, 1, 1, 28, 24, 1, 0, 0, 0, 0, 0, 0, 0, 26, 1, 1, 1, 1, 1, 0, 26, 29, 1, 1, 1, 1, 25, 1, 24]'
'[1, 1, 1, 0, 0, 0, 0, 0, 0, 0, 0, 0, 0, 26, 1, 0, 26, 1, 1, 1, 0, 26, 1, 1, 0, 0, 26, 0, 26, 1]'
'[0, 0, 26, 0, 26, 0, 26, 0, 26, 0, 26, 0, 26, 0, 26, 0, 26, 0, 26, 0, 26, 0, 26, 0, 26, 0, 0, 0, 0, 0]'
'[0, 26, 0, 0, 26, 0, 26, 0, 0, 26, 1, 0, 0, 0, 0, 0, 0, 0, 0, 0, 26, 0, 26, 0, 26, 1, 0, 0, 0, 0]'
'[0, 26, 1, 24, 24, 25, 1, 24, 1, 28, 1, 1, 0, 26, 1, 0, 26, 1, 1, 1, 1, 1, 0, 0, 26, 24, 1, 0, 26, 1]'
'[1, 1, 1, 1, 1, 1, 0, 26, 1, 1, 1, 1, 1, 1, 1, 1, 1, 1, 1, 1, 1, 1, 1, 1, 1, 1, 1, 1, 1, 1]'
'[0, 26, 1, 0, 26, 1, 1, 0, 26, 1, 1, 1, 0, 0, 0, 0, 0, 26, 1, 1, 1, 0, 0, 0, 0, 0, 0, 0, 0, 0]'
'[0, 26, 1, 1, 24, 1, 1, 1, 1, 1, 1, 1, 1, 0, 0, 26, 0, 0, 0, 26, 1, 1, 1, 0, 0, 0, 0, 26, 0, 26]'
'[24, 1, 1, 1, 1, 0, 0, 0, 0, 0, 0, 0, 0, 0, 0, 0, 0, 0, 0, 0, 0, 0, 0, 0, 0, 0, 26, 1, 1, 1]'
'[1, 1, 1, 1, 1, 1, 0, 26, 1, 1, 1, 1, 1, 1, 0, 26, 1, 1, 1, 1, 1, 1, 1, 1, 1, 28, 1, 1, 1, 1]'
'[1, 1, 1, 1, 1, 1, 1, 1, 14, 1, 1, 1, 1, 1, 1, 1, 1, 1, 1, 1, 1, 1, 1, 1, 1, 0, 0, 0, 0, 26]'
'[26, 1, 1, 1, 1, 1, 0, 26, 28, 27, 1, 0, 0, 0, 0, 26, 1, 1, 1, 1, 1, 1, 1, 28, 1, 1, 1, 1, 1, 1]'
'[1, 1, 1, 1, 0, 26, 1, 1, 1, 1, 1, 1, 1, 0, 26, 0, 26, 1, 1, 1, 1, 1, 1, 1, 1, 1, 1, 1, 1, 1]'
'[1, 1, 1, 0, 26, 1, 24, 1, 0, 26, 0, 26, 0, 26, 1, 28, 1, 24, 1, 1, 1, 1, 0, 0, 26, 1, 1, 1, 0, 26]'
'[0, 0, 26, 1, 0, 26, 0, 26, 1, 28, 1, 1, 1, 1, 0, 0, 26, 1, 1, 0, 26, 1, 1, 1, 1, 0, 0, 0, 26, 1]'
'[1, 0, 0, 0, 0, 26, 1, 1, 1, 0, 0, 0, 26, 1, 1, 0, 26, 24, 1, 28, 1, 24, 1, 0, 26, 0, 26, 1, 1, 1]'
'[1, 1, 0, 26, 1, 1, 0, 0, 0, 0, 0, 0, 0, 0, 0, 0, 0, 0, 0, 0, 26, 0, 26, 0, 26, 1, 1, 1, 1, 1]'
'[0, 26, 0, 0, 0, 0, 0, 0, 0, 26, 0, 26, 0, 26, 0, 26, 0, 26, 0, 26, 0, 26, 0, 26, 0, 26, 0, 26, 0, 26]'
'[28, 24, 0, 26, 24, 24, 0, 26, 28, 0, 26, 0, 26, 0, 26, 0, 26, 1, 28, 24, 0, 26, 0, 26, 0, 26, 0, 26, 0, 26]'
'[0, 26, 1, 0, 0, 26, 0, 0, 26, 1, 1, 1, 0, 0, 26, 1, 1, 0, 26, 0, 0, 26, 1, 0, 26, 1, 0, 0, 0, 26]'
'[33, 1, 1, 1, 1, 1, 1, 1, 1, 1, 1, 0, 26, 1, 1, 31, 1, 1, 1, 1, 1, 1, 0, 0, 26, 1, 1, 1, 1, 1]'
'[1, 1, 1, 1, 1, 1, 0, 0, 26, 1, 29, 1, 1, 1, 1, 0, 0, 26, 1, 1, 1, 1, 1, 1, 1, 1, 1, 1, 1, 1]'
'[1, 1, 0, 0, 0, 0, 0, 0, 0, 26, 1, 1, 1, 1, 1, 1, 1, 1, 1, 1, 1, 1, 1, 1, 1, 1, 1, 1, 1, 1]'
'[1, 1, 1, 1, 1, 1, 1, 24, 1, 1, 1, 1, 1, 1, 1, 1, 1, 1, 1, 1, 1, 1, 1, 1, 1, 1, 1, 1, 1, 1]'
'[1, 1, 1, 1, 1, 1, 1, 1, 1, 1, 1, 0, 0, 0, 0, 0, 0, 0, 0, 0, 0, 0, 0, 0, 0, 0, 0, 0, 0, 0]'
'[0, 26, 25, 1, 1, 1, 1, 1, 1, 1, 0, 0, 0, 26, 1, 1, 1, 1, 1, 0, 0, 26, 1, 1, 1, 1, 1, 1, 1, 1]'
'[0, 0, 26, 1, 0, 26, 0, 0, 0, 26, 1, 24, 1, 0, 0, 26, 1, 1, 28, 1, 1, 1, 1, 1, 1, 0, 0, 0, 0, 0]'
'[1, 1, 1, 1, 1, 24, 0, 0, 0, 0, 26, 1, 1, 1, 1, 1, 1, 1, 24, 1, 1, 1, 0, 0, 0, 0, 0, 0, 0, 0]'
'[1, 1, 1, 0, 0, 26, 24, 25, 1, 1, 1, 1, 24, 29, 1, 1, 1, 1, 1, 1, 0, 0, 26, 1, 1, 1, 1, 1, 0, 0]'
'[0, 0, 26, 1, 0, 0, 0, 26, 0, 26, 1, 0, 26, 0, 0, 26, 1, 0, 0, 0, 26, 0, 0, 0, 26, 0, 0, 0, 26, 0]'
'[1, 1, 1, 1, 1, 1, 0, 0, 0, 0, 0, 0, 0, 0, 0, 0, 0, 0, 0, 0, 0, 0, 0, 0, 0, 0, 26, 1, 1, 1]'
'[0, 26, 0, 0, 0, 26, 0, 26, 0, 0, 26, 1, 0, 0, 0, 26, 28, 1, 1, 1, 1, 1, 0, 0, 0, 0, 0, 0, 0, 0]'
'[24, 1, 1, 0, 0, 0, 26, 1, 24, 1, 1, 1, 1, 0, 0, 0, 0, 0, 0, 26, 1, 1, 0, 0, 26, 1, 1, 1, 1, 1]'
'[1, 1, 1, 1, 1, 0, 0, 0, 26, 1, 25, 1, 1, 1, 0, 26, 24, 28, 1, 1, 1, 1, 1, 0, 0, 0, 0, 0, 0, 0]'
'[1, 1, 1, 1, 1, 29, 1, 1, 1, 28, 1, 1, 1, 1, 1, 1, 1, 1, 1, 1, 1, 1, 1, 1, 24, 1, 1, 28, 0, 26]'
'[1, 0, 0, 0, 26, 24, 24, 0, 0, 0, 26, 1, 1, 28, 0, 26, 29, 24, 1, 1, 0, 26, 1, 1, 1, 1, 0, 0, 26, 1]'
'[0, 0, 0, 0, 0, 0, 0, 0, 0, 0, 0, 0, 0, 0, 0, 0, 0, 0, 0, 0, 0, 0, 0, 0, 0, 0, 0, 0, 0, 0]'
'[1, 1, 1, 1, 1, 1, 1, 0, 0, 0, 0, 0, 0, 0, 0, 0, 0, 0, 0, 0, 0, 0, 0, 0, 0, 0, 0, 26, 1, 1]'
'[0, 26, 1, 1, 1, 1, 1, 1, 0, 0, 0, 0, 0, 0, 0, 0, 0, 26, 1, 1, 1, 0, 26, 0, 26, 1, 1, 0, 0, 26]'
'[0, 0, 0, 0, 26, 1, 29, 1, 1, 1, 1, 1, 1, 1, 0, 26, 1, 1, 1, 1, 1, 1, 1, 1, 1, 1, 1, 1, 1, 1]'
'[0, 0, 0, 0, 0, 0, 0, 0, 0, 0, 0, 0, 0, 0, 0, 0, 0, 0, 0, 0, 0, 0, 0, 0, 0, 0, 0, 0, 0, 0]'
'[1, 1, 1, 1, 1, 0, 26, 1, 1, 1, 1, 1, 1, 1, 0, 0, 26, 1, 1, 1, 1, 1, 0, 0, 26, 1, 1, 1, 25, 1]'
'[0, 0, 0, 0, 0, 0, 0, 0, 0, 0, 0, 0, 0, 0, 0, 0, 0, 0, 0, 0, 0, 0, 0, 0, 0, 0, 0, 0, 0, 0]'
'[0, 26, 0, 26, 0, 26, 0, 26, 0, 26, 0, 26, 0, 26, 0, 26, 0, 26, 0, 26, 0, 26, 0, 26, 0, 26, 0, 26, 0, 26]'
'[0, 0, 0, 0, 26, 1, 0, 26, 1, 1, 1, 0, 0, 0, 26, 1, 0, 26, 0, 26, 0, 26, 1, 0, 0, 26, 1, 1, 1, 0]'
'[1, 1, 1, 1, 1, 1, 1, 0, 0, 0, 26, 1, 1, 1, 1, 1, 1, 1, 1, 1, 1, 1, 1, 1, 1, 1, 1, 1, 1, 24]'
'[1, 1, 22, 1, 0, 0, 0, 0, 0, 0, 0, 0, 0, 0, 0, 0, 0, 0, 0, 0, 0, 0, 0, 0, 0, 0, 0, 0, 0, 0]'
'[24, 0, 0, 0, 26, 0, 26, 0, 0, 26, 1, 1, 0, 0, 26, 0, 0, 0, 0, 26, 1, 0, 26, 0, 0, 0, 0, 0, 0, 0]'
'[1, 1, 1, 1, 0, 0, 26, 1, 28, 24, 1, 28, 1, 1, 1, 1, 1, 1, 0, 26, 1, 1, 0, 0, 0, 26, 1, 24, 24, 1]'
'[0, 0, 0, 0, 0, 0, 0, 0, 0, 0, 0, 0, 0, 0, 26, 28, 1, 0, 0, 0, 0, 26, 1, 1, 1, 1, 0, 26, 1, 1]'
'[0, 0, 0, 0, 0, 0, 0, 0, 0, 0, 0, 0, 0, 0, 0, 0, 0, 0, 0, 0, 0, 0, 0, 0, 0, 26, 1, 23, 1, 24]'
'[1, 0, 26, 2, 1, 50, 2, 1, 50, 2, 1, 1, 50, 1, 1, 1, 1, 1, 1, 1, 1, 1, 1, 1, 1, 1, 1, 1, 1, 1]'
'[1, 0, 0, 0, 0, 0, 0, 0, 0, 0, 0, 26, 1, 1, 1, 23, 1, 1, 28, 1, 24, 1, 1, 0, 0, 26, 24, 1, 1, 0]'
'[16, 35, 17, 33, 31, 21, 19, 38, 0, 26, 1, 1, 0, 0, 26, 1, 1, 1, 1, 1, 1, 1, 1, 0, 26, 1, 1, 1, 0, 0]'
'[2, 1, 1, 1, 1, 1, 1, 1, 1, 0, 26, 0, 26, 1, 2, 50, 1, 1, 0, 26, 1, 0, 26, 0, 26, 1, 1, 1, 0, 26]'
'[1, 1, 1, 1, 1, 1, 0, 26, 0, 26, 1, 1, 1, 1, 1, 1, 1, 0, 0, 0, 26, 1, 1, 1, 1, 1, 1, 1, 1, 1]'
'[26, 0, 26, 1, 1, 1, 1, 1, 1, 24, 1, 1, 1, 28, 1, 1, 1, 1, 1, 1, 1, 1, 1, 1, 1, 1, 0, 26, 1, 1]'
'[1, 1, 0, 26, 1, 1, 1, 24, 28, 24, 1, 1, 1, 1, 1, 1, 0, 26, 1, 1, 1, 1, 0, 0, 26, 1, 28, 29, 1, 1]'
'[1, 0, 26, 1, 1, 1, 1, 1, 1, 1, 1, 1, 1, 1, 1, 1, 1, 1, 1, 1, 1, 1, 1, 1, 1, 1, 1, 1, 1, 1]'
'[1, 1, 1, 1, 1, 1, 1, 1, 1, 1, 28, 24, 1, 1, 1, 1, 0, 0, 0, 0, 0, 0, 0, 0, 0, 0, 0, 0, 0, 0]'
'[0, 0, 0, 0, 0, 0, 0, 0, 0, 26, 1, 1, 0, 0, 0, 0, 0, 0, 26, 0, 26, 1, 1, 0, 0, 0, 0, 0, 0, 0]'
'[1, 1, 30, 1, 29, 1, 1, 1, 1, 1, 1, 1, 1, 1, 1, 1, 1, 1, 1, 1, 1, 1, 1, 1, 1, 1, 1, 1, 1, 1]'
'[1, 0, 0, 26, 0, 26, 24, 0, 26, 1, 1, 0, 26, 1, 1, 1, 1, 0, 0, 0, 0, 26, 24, 1, 0, 26, 1, 1, 0, 26]'
'[1, 1, 28, 1, 1, 0, 0, 0, 26, 1, 1, 28, 1, 1, 0, 26, 1, 1, 1, 1, 0, 26, 29, 28, 1, 1, 1, 1, 25, 24]'
'[1, 0, 0, 0, 0, 26, 0, 0, 26, 0, 0, 0, 0, 26, 0, 0, 0, 0, 0, 0, 0, 0, 0, 0, 0, 0, 26, 24, 28, 1]'
'[0, 0, 0, 0, 0, 0, 0, 0, 0, 0, 0, 0, 0, 26, 0, 26, 24, 23, 0, 26, 0, 0, 0, 26, 0, 0, 0, 0, 0, 0]'
'[1, 28, 1, 0, 26, 1, 1, 1, 28, 1, 1, 1, 1, 0, 0, 0, 0, 0, 0, 0, 0, 0, 0, 26, 1, 0, 0, 0, 26, 1]'
'[1, 1, 1, 1, 1, 1, 1, 1, 1, 1, 1, 1, 1, 1, 1, 1, 1, 1, 1, 1, 1, 1, 1, 1, 1, 1, 1, 0, 0, 26]'
'[1, 1, 1, 1, 1, 1, 1, 1, 1, 0, 0, 0, 26, 1, 1, 1, 1, 1, 1, 1, 1, 1, 1, 1, 1, 1, 1, 1, 1, 1]'
'[1, 1, 1, 1, 1, 1, 1, 1, 1, 1, 1, 1, 1, 1, 1, 1, 1, 0, 26, 1, 1, 1, 27, 25, 1, 1, 1, 1, 24, 1]'
'[1, 1, 1, 24, 1, 24, 1, 1, 1, 1, 1, 1, 1, 1, 0, 0, 26, 1, 1, 1, 28, 1, 1, 1, 1, 1, 0, 26, 1, 0]'
'[0, 0, 0, 0, 0, 26, 1, 1, 1, 1, 1, 1, 1, 1, 1, 1, 1, 1, 1, 28, 1, 1, 1, 1, 1, 1, 1, 1, 1, 1]'
'[1, 1, 1, 0, 0, 26, 24, 1, 0, 26, 1, 1, 1, 1, 0, 0, 26, 28, 1, 1, 24, 1, 1, 0, 26, 24, 1, 1, 1, 1]'
'[24, 1, 1, 1, 0, 26, 1, 1, 1, 1, 0, 26, 1, 1, 1, 1, 1, 0, 0, 26, 1, 1, 1, 0, 26, 1, 24, 1, 1, 1]'
'[26, 1, 1, 1, 1, 1, 1, 0, 26, 1, 1, 1, 1, 1, 1, 1, 1, 1, 1, 1, 0, 0, 26, 1, 1, 1, 1, 0, 26, 1]'
'[1, 1, 1, 1, 0, 26, 1, 1, 1, 1, 1, 1, 1, 0, 0, 26, 1, 1, 1, 1, 1, 0, 0, 0, 0, 0, 0, 0, 26, 1]'
'[1, 1, 1, 1, 1, 1, 1, 1, 1, 1, 1, 1, 1, 0, 26, 1, 1, 0, 0, 0, 0, 26, 1, 1, 28, 1, 1, 1, 1, 24]'
'[0, 26, 28, 1, 0, 0, 26, 1, 1, 0, 0, 0, 0, 0, 0, 0, 26, 1, 0, 0, 26, 1, 1, 1, 1, 1, 1, 1, 0, 0]'
'[1, 1, 1, 1, 1, 1, 1, 0, 26, 1, 1, 1, 1, 28, 29, 1, 1, 1, 1, 1, 1, 1, 1, 1, 1, 1, 0, 26, 1, 1]'
'[0, 26, 0, 26, 1, 0, 26, 2, 50, 1, 1, 1, 1, 1, 1, 1, 2, 1, 0, 0, 26, 1, 1, 1, 0, 26, 2, 50, 1, 1]'
'[1, 0, 0, 26, 25, 0, 0, 0, 0, 26, 1, 1, 1, 1, 29, 1, 1, 1, 1, 1, 1, 1, 1, 1, 1, 1, 1, 1, 1, 1]'
'[1, 0, 26, 1, 1, 1, 1, 1, 1, 1, 1, 1, 0, 0, 0, 0, 0, 0, 0, 0, 0, 0, 0, 0, 0, 0, 0, 0, 0, 0]'
'[1, 1, 1, 1, 1, 1, 1, 28, 1, 1, 1, 1, 1, 1, 1, 1, 1, 1, 1, 1, 1, 1, 1, 1, 1, 1, 1, 1, 1, 1]'
'[0, 0, 0, 0, 0, 0, 0, 0, 0, 26, 0, 0, 0, 0, 0, 0, 26, 0, 0, 0, 0, 0, 0, 0, 0, 0, 0, 0, 0, 0]'
'[1, 1, 0, 0, 0, 0, 0, 0, 0, 0, 26, 1, 1, 1, 1, 0, 0, 0, 0, 26, 1, 24, 1, 1, 0, 26, 1, 1, 0, 0]'
'[1, 1, 1, 1, 1, 1, 28, 1, 1, 1, 1, 1, 0, 0, 26, 1, 1, 1, 1, 1, 1, 1, 23, 0, 26, 1, 1, 1, 1, 1]'
'[0, 0, 0, 0, 26, 0, 0, 26, 1, 0, 0, 0, 26, 1, 0, 0, 0, 0, 26, 1, 0, 0, 0, 0, 0, 0, 0, 0, 0, 0]'
'[1, 1, 0, 26, 1, 1, 0, 26, 25, 1, 1, 1, 1, 1, 1, 1, 1, 0, 26, 1, 1, 27, 1, 0, 26, 1, 1, 1, 1, 0]'
'[1, 1, 0, 0, 0, 0, 26, 24, 28, 1, 1, 1, 1, 1, 1, 1, 1, 1, 1, 1, 0, 26, 28, 1, 1, 1, 1, 1, 1, 1]'
'[0, 0, 0, 0, 0, 0, 0, 0, 0, 0, 0, 0, 0, 0, 0, 0, 0, 0, 0, 0, 0, 0, 0, 0, 0, 0, 0, 0, 0, 0]'
'[24, 1, 1, 1, 1, 1, 1, 1, 1, 1, 1, 1, 1, 1, 1, 1, 1, 30, 1, 22, 1, 1, 1, 1, 28, 1, 1, 1, 1, 1]'
'[1, 0, 0, 0, 0, 26, 1, 1, 1, 1, 1, 1, 0, 0, 26, 1, 24, 1, 1, 1, 1, 1, 1, 1, 0, 0, 0, 0, 0, 0]'
'[1, 1, 1, 1, 1, 1, 1, 1, 1, 1, 1, 1, 1, 1, 1, 0, 0, 0, 26, 1, 1, 1, 1, 1, 1, 28, 1, 1, 1, 1]'
'[0, 0, 0, 0, 0, 0, 0, 0, 0, 0, 0, 0, 0, 0, 0, 0, 0, 0, 0, 0, 0, 0, 0, 0, 0, 0, 0, 0, 0, 0]'
'[1, 24, 19, 1, 1, 1, 1, 1, 1, 1, 1, 1, 1, 1, 1, 1, 1, 1, 1, 1, 1, 1, 1, 1, 1, 1, 1, 1, 1, 1]'
'[0, 0, 26, 0, 26, 0, 26, 0, 26, 0, 26, 0, 26, 0, 26, 0, 26, 0, 26, 0, 26, 0, 26, 0, 26, 0, 26, 0, 26, 0]'
'[1, 1, 1, 1, 1, 1, 1, 1, 1, 1, 1, 1, 1, 1, 1, 1, 1, 1, 1, 1, 28, 1, 1, 1, 1, 1, 1, 24, 1, 1]'
'[1, 1, 1, 1, 1, 1, 1, 1, 1, 1, 1, 1, 1, 1, 1, 0, 0, 0, 0, 0, 26, 1, 24, 1, 1, 1, 1, 1, 1, 1]'
'[1, 1, 1, 1, 1, 1, 1, 1, 1, 0, 0, 0, 0, 26, 1, 24, 1, 1, 1, 1, 0, 0, 0, 0, 0, 0, 0, 26, 1, 1]'
'[28, 1, 28, 1, 1, 1, 1, 24, 1, 1, 1, 1, 1, 1, 1, 1, 0, 26, 1, 1, 1, 1, 1, 1, 1, 1, 1, 1, 0, 26]'
'[1, 1, 1, 1, 1, 28, 1, 1, 1, 1, 0, 0, 0, 26, 1, 1, 1, 1, 1, 1, 1, 1, 1, 1, 1, 1, 1, 1, 1, 1]'
'[1, 1, 0, 0, 26, 0, 26, 0, 26, 1, 24, 1, 1, 0, 0, 26, 0, 26, 0, 26, 1, 1, 1, 1, 1, 1, 1, 1, 1, 1]'
'[0, 26, 0, 26, 1, 1, 1, 0, 26, 0, 26, 1, 0, 26, 1, 1, 0, 26, 0, 0, 0, 0, 0, 0, 0, 0, 0, 0, 0, 26]'
'[0, 0, 0, 0, 26, 1, 1, 1, 1, 1, 1, 1, 0, 26, 1, 1, 1, 1, 1, 0, 0, 0, 0, 0, 0, 0, 0, 0, 26, 1]'
'[29, 23, 22, 0, 26, 0, 26, 0, 26, 0, 26, 0, 26, 0, 26, 0, 26, 0, 26, 0, 26, 0, 26, 0, 26, 0, 26, 0, 26, 0]'
'[0, 0, 0, 0, 0, 0, 0, 0, 26, 1, 1, 0, 26, 1, 24, 1, 24, 1, 0, 26, 1, 1, 1, 1, 1, 1, 1, 1, 1, 1]'
'[50, 2, 50, 1, 1, 0, 26, 2, 1, 0, 26, 1, 1, 0, 0, 0, 0, 26, 1, 1, 0, 0, 26, 2, 0, 26, 0, 26, 1, 0]'
'[1, 24, 24, 1, 23, 0, 26, 0, 26, 0, 26, 1, 0, 26, 1, 1, 1, 0, 26, 24, 1, 1, 0, 0, 0, 26, 0, 26, 28, 1]'
'[0, 0, 26, 1, 0, 26, 0, 26, 0, 0, 0, 0, 0, 0, 0, 0, 0, 0, 0, 0, 0, 0, 0, 0, 0, 0, 26, 0, 26, 1]'
'[0, 26, 1, 1, 1, 1, 1, 1, 1, 1, 1, 1, 0, 0, 26, 1, 31, 1, 1, 1, 1, 1, 1, 1, 1, 1, 1, 1, 1, 1]'
'[0, 0, 0, 0, 0, 0, 0, 0, 0, 0, 0, 0, 0, 0, 0, 0, 0, 0, 0, 26, 1, 28, 1, 1, 1, 1, 1, 1, 1, 1]'
'[0, 26, 0, 0, 0, 0, 0, 26, 0, 26, 0, 0, 26, 0, 0, 0, 26, 0, 26, 1, 0, 0, 0, 26, 0, 0, 26, 1, 1, 1]'
'[0, 0, 0, 0, 0, 26, 0, 0, 26, 1, 1, 0, 26, 1, 1, 1, 1, 1, 1, 1, 1, 1, 1, 24, 1, 1, 1, 1, 0, 26]'
'[1, 1, 1, 0, 26, 1, 1, 1, 1, 1, 1, 1, 1, 1, 1, 0, 0, 0, 0, 0, 0, 0, 26, 0, 0, 0, 0, 26, 1, 1]'
'[1, 0, 26, 0, 26, 1, 1, 1, 1, 1, 25, 1, 1, 1, 1, 1, 1, 0, 0, 0, 0, 0, 0, 26, 1, 1, 1, 1, 1, 1]'
'[0, 0, 0, 0, 26, 1, 1, 1, 24, 1, 1, 1, 1, 23, 1, 0, 0, 0, 0, 0, 0, 26, 0, 26, 28, 1, 1, 0, 26, 1]'
'[0, 26, 0, 26, 0, 0, 0, 0, 26, 0, 26, 0, 26, 0, 26, 0, 26, 0, 26, 0, 26, 0, 26, 0, 26, 0, 26, 0, 26, 0]'
'[0, 26, 1, 1, 1, 0, 26, 1, 1, 1, 1, 1, 1, 0, 26, 1, 1, 0, 26, 1, 0, 26, 1, 1, 1, 28, 1, 1, 1, 1]'
'[1, 1, 1, 1, 1, 1, 1, 1, 1, 1, 1, 1, 1, 1, 1, 1, 1, 1, 1, 1, 1, 1, 1, 1, 1, 1, 1, 1, 1, 1]'
'[0, 26, 1, 1, 1, 1, 1, 1, 1, 0, 26, 1, 0, 26, 1, 1, 1, 0, 26, 1, 1, 1, 0, 26, 1, 1, 0, 26, 1, 1]'
'[28, 0, 26, 1, 1, 1, 1, 1, 1, 1, 0, 0, 26, 1, 28, 1, 1, 1, 0, 26, 1, 1, 0, 26, 1, 1, 1, 1, 1, 1]'
'[1, 1, 1, 1, 1, 0, 26, 1, 1, 1, 1, 1, 1, 1, 1, 1, 1, 1, 1, 1, 1, 1, 1, 1, 1, 1, 1, 1, 1, 1]'
'[1, 28, 0, 26, 1, 1, 1, 1, 1, 50, 1, 1, 1, 1, 0, 26, 1, 2, 50, 1, 1, 1, 1, 1, 50, 1, 1, 1, 1, 0]'
'[1, 1, 1, 1, 1, 1, 1, 0, 26, 1, 0, 26, 1, 1, 1, 1, 1, 1, 1, 1, 1, 1, 1, 1, 1, 1, 1, 1, 1, 1]'
'[1, 1, 1, 1, 1, 1, 1, 1, 1, 1, 1, 1, 33, 1, 1, 1, 1, 1, 1, 1, 1, 1, 1, 1, 1, 1, 1, 1, 1, 1]'
'[1, 1, 1, 1, 1, 0, 0, 0, 0, 0, 0, 0, 26, 1, 28, 1, 24, 1, 28, 24, 1, 1, 1, 1, 1, 1, 1, 1, 1, 1]'
'[1, 1, 1, 1, 0, 26, 1, 1, 1, 1, 1, 1, 1, 1, 1, 1, 1, 1, 1, 1, 1, 1, 1, 1, 1, 1, 1, 1, 1, 1]'
'[0, 26, 0, 26, 0, 26, 1, 0, 26, 1, 1, 1, 1, 0, 26, 0, 0, 0, 0, 26, 0, 26, 1, 1, 1, 23, 1, 1, 1, 0]'
'[0, 0, 0, 0, 0, 0, 0, 0, 0, 0, 0, 0, 0, 0, 0, 0, 0, 0, 0, 0, 0, 0, 0, 0, 0, 0, 0, 0, 0, 0]'
'[1, 0, 26, 1, 0, 0, 26, 1, 1, 0, 26, 1, 1, 1, 1, 1, 1, 1, 1, 1, 1, 1, 1, 1, 1, 1, 1, 0, 0, 26]'
'[1, 1, 1, 1, 1, 1, 1, 1, 1, 1, 1, 1, 1, 1, 1, 1, 1, 1, 1, 1, 1, 1, 1, 0, 0, 26, 1, 1, 1, 1]'
'[0, 26, 0, 26, 1, 1, 1, 24, 1, 1, 1, 24, 1, 1, 0, 26, 0, 26, 0, 0, 0, 0, 0, 0, 0, 0, 0, 0, 0, 26]'
'[1, 1, 1, 1, 1, 1, 0, 0, 0, 0, 0, 26, 24, 1, 1, 1, 1, 1, 1, 1, 1, 1, 1, 1, 1, 1, 1, 1, 1, 1]'
'[0, 26, 1, 24, 1, 1, 0, 0, 0, 26, 1, 1, 1, 1, 1, 1, 1, 1, 1, 28, 1, 1, 1, 0, 0, 0, 0, 0, 0, 0]'
'[26, 2, 38, 0, 0, 26, 1, 50, 1, 1, 14, 0, 26, 0, 26, 1, 1, 0, 0, 0, 26, 0, 0, 0, 0, 26, 1, 2, 1, 33]'
'[1, 0, 0, 26, 1, 1, 1, 1, 1, 1, 1, 1, 1, 1, 1, 1, 1, 1, 1, 1, 1, 1, 1, 1, 1, 1, 1, 1, 1, 1]'
'[1, 1, 1, 24, 1, 1, 0, 0, 0, 26, 1, 24, 1, 1, 1, 1, 1, 1, 1, 0, 0, 0, 0, 26, 1, 1, 0, 26, 1, 1]'
'[0, 0, 0, 0, 0, 0, 0, 0, 0, 0, 26, 1, 1, 1, 1, 1, 1, 0, 0, 0, 26, 1, 1, 1, 0, 0, 0, 0, 0, 0]'
'[1, 1, 0, 0, 0, 26, 1, 28, 1, 1, 1, 1, 1, 1, 0, 26, 1, 23, 24, 1, 1, 1, 1, 1, 1, 0, 0, 0, 0, 0]'
'[1, 24, 1, 1, 1, 1, 1, 0, 26, 1, 1, 1, 1, 1, 1, 1, 1, 1, 1, 1, 1, 0, 0, 26, 1, 1, 1, 1, 1, 24]'
'[0, 0, 0, 0, 0, 0, 0, 0, 0, 0, 0, 0, 0, 0, 0, 0, 0, 0, 0, 0, 0, 0, 0, 0, 0, 0, 0, 0, 0, 0]'
'[1, 1, 1, 1, 1, 1, 25, 1, 1, 1, 1, 0, 0, 26, 1, 24, 1, 0, 26, 1, 1, 1, 1, 1, 24, 1, 1, 1, 1, 1]'
'[1, 24, 1, 1, 1, 1, 1, 1, 1, 1, 1, 1, 1, 1, 1, 1, 1, 1, 0, 0, 0, 0, 26, 1, 1, 1, 1, 1, 1, 1]'
'[1, 0, 0, 26, 1, 1, 1, 1, 1, 0, 26, 1, 1, 1, 1, 1, 1, 1, 1, 1, 1, 1, 0, 26, 1, 1, 1, 25, 1, 1]'
'[1, 1, 1, 1, 1, 1, 1, 1, 24, 1, 1, 1, 1, 1, 1, 1, 1, 1, 0, 0, 0, 0, 0, 0, 26, 1, 1, 1, 1, 1]'
